rustsec_id,cve_id,severity,target_crate,fixed_version,fix_time,downstream_fixed_cnt,lag_days_min,lag_days_p50,lag_days_avg,lag_days_max
RUSTSEC-2016-0001,CVE-2016-10931,HIGH,openssl,0.9.0,2016-11-06 03:11:39.197825 UTC,37,0,150.0000,297.8108,2420
RUSTSEC-2016-0002,CVE-2016-10932,MEDIUM,hyper,0.9.4,2016-05-09 22:32:27.496119 UTC,397,3,267.0000,593.5793,3181
RUSTSEC-2017-0001,CVE-2017-1000168,MEDIUM,sodiumoxide,0.0.14,2017-01-26 20:21:04.734248 UTC,6,54,205.5000,653.1667,2039
RUSTSEC-2017-0002,CVE-2017-18587,MEDIUM,hyper,0.9.18,2017-01-30 18:12:30.568041 UTC,755,0,1529.0000,1247.4517,3177
RUSTSEC-2017-0003,CVE-2017-18588,MEDIUM,security-framework,0.1.12,2017-03-15 18:40:43.171170 UTC,2,17,222.0000,222.0000,427
RUSTSEC-2017-0004,CVE-2017-1000430,CRITICAL,base64,0.5.2,2017-05-03 06:14:14.791463 UTC,82,2,362.0000,843.8780,3138
RUSTSEC-2017-0005,CVE-2017-18589,HIGH,cookie,0.6.2,2017-05-07 22:23:10.744907 UTC,10,9,198.5000,918.4000,3117
RUSTSEC-2017-0006,RUSTSEC-2017-0006,UNKNOWN,rmpv,0.4.2,2019-10-09 20:05:12.752510 UTC,5,37,808.0000,550.6000,935
RUSTSEC-2018-0001,CVE-2018-20989,HIGH,untrusted,0.6.2,2018-06-21 19:53:57.960052 UTC,17,21,391.0000,356.6471,1205
RUSTSEC-2018-0002,CVE-2018-20990,HIGH,tar,0.4.16,2018-06-29 19:40:58.522481 UTC,47,38,1624.0000,1525.9149,2653
RUSTSEC-2018-0003,CVE-2018-20991,CRITICAL,smallvec,0.3.4,2018-07-20 17:21:49.659687 UTC,101,0,567.0000,717.9208,2577
RUSTSEC-2018-0004,CVE-2018-20992,MEDIUM,claxon,0.3.2,2018-08-25 11:23:39.423370 UTC,3,287,1861.0000,1489.3333,2320
RUSTSEC-2018-0005,RUSTSEC-2018-0005,UNKNOWN,serde_yaml,0.8.4,2018-09-15 20:15:48.566012 UTC,271,8,1524.0000,1498.6052,2604
RUSTSEC-2018-0006,CVE-2018-20993,HIGH,yaml-rust,0.4.1,2018-09-15 19:32:57.874768 UTC,28,10,865.5000,865.0000,2183
RUSTSEC-2018-0007,CVE-2018-20994,HIGH,trust-dns-proto,0.4.3,2018-10-10 14:05:35.228173 UTC,17,21,24.0000,239.6471,1777
RUSTSEC-2018-0008,CVE-2018-20995,CRITICAL,slice-deque,0.1.16,2018-12-05 12:13:22.084259 UTC,4,2,141.0000,204.0000,532
RUSTSEC-2018-0009,CVE-2018-20996,CRITICAL,crossbeam,0.4.1,2018-07-25 15:45:02.251992 UTC,9,113,292.0000,429.3333,1140
RUSTSEC-2018-0010,CVE-2018-20997,CRITICAL,openssl,0.10.9,2018-06-02 03:59:46.478806 UTC,102,20,1744.5000,1587.5588,2722
RUSTSEC-2018-0013,CVE-2018-21000,CRITICAL,safe-transmute,0.10.1,2018-11-27 16:58:49.024775 UTC,4,87,673.5000,769.2500,1643
RUSTSEC-2018-0018,CVE-2018-25023,INFO,smallvec,0.6.13,2019-11-05 16:37:21.384525 UTC,142,0,93.5000,226.8521,2103
RUSTSEC-2018-0019,CVE-2018-25024,UNKNOWN,actix-web,0.7.15,2018-12-05 15:35:10.990617 UTC,107,8,987.0000,818.3645,1932
RUSTSEC-2018-0020,CVE-2018-25001,MEDIUM,libpulse-binding,2.5.0,2018-12-22 17:28:30.609040 UTC,5,0,590.0000,1012.4000,2342
RUSTSEC-2018-0021,CVE-2018-25027,UNKNOWN,libpulse-binding,1.2.1,2018-06-15 16:16:38.952973 UTC,2,1,1.0000,1.0000,1
RUSTSEC-2019-0001,CVE-2019-15542,HIGH,ammonia,2.1.0,2019-04-27 18:38:04.596123 UTC,4,52,293.5000,335.5000,703
RUSTSEC-2019-0002,CVE-2019-15543,CRITICAL,slice-deque,0.2.0,2019-05-07 13:20:53.500437 UTC,4,1,84.0000,137.0000,379
RUSTSEC-2019-0003,CVE-2019-15544,HIGH,protobuf,1.7.5,2019-05-19 22:22:00.719361 UTC,84,0,268.5000,591.7619,2199
RUSTSEC-2019-0004,CVE-2019-15545,HIGH,libp2p-core,0.7.1,2019-05-15 17:14:14.281326 UTC,25,0,19.0000,213.1600,900
RUSTSEC-2019-0007,CVE-2019-15549,HIGH,asn1_der,0.6.2,2019-06-13 15:26:10.968851 UTC,1,670,670.0000,670.0000,670
RUSTSEC-2019-0008,CVE-2019-15550,HIGH,simd-json,0.1.15,2019-06-24 10:50:48.396368 UTC,5,1968,2202.0000,2166.0000,2329
RUSTSEC-2019-0009,CVE-2019-15551,CRITICAL,smallvec,0.6.10,2019-06-10 15:43:53.004277 UTC,120,52,227.5000,333.4000,2251
RUSTSEC-2019-0010,CVE-2019-15552,CRITICAL,libflate,0.1.25,2019-07-02 11:51:51.043470 UTC,27,46,533.0000,589.6296,1873
RUSTSEC-2019-0011,CVE-2019-15553,HIGH,memoffset,0.5.0,2019-07-14 17:55:52.278369 UTC,6,2,14.0000,204.3333,1098
RUSTSEC-2019-0012,CVE-2019-15554,CRITICAL,smallvec,0.6.10,2019-06-10 15:43:53.004277 UTC,120,52,227.5000,333.1500,2251
RUSTSEC-2019-0013,CVE-2019-16137,HIGH,spin,0.5.2,2019-08-27 18:37:09.141510 UTC,18,0,448.5000,626.6111,2099
RUSTSEC-2019-0014,CVE-2019-16138,CRITICAL,image,0.21.3,2019-08-21 23:40:04.279947 UTC,123,0,185.0000,550.0325,2198
RUSTSEC-2019-0017,CVE-2019-16141,HIGH,once_cell,1.0.1,2019-09-01 19:32:32.364001 UTC,117,2,1356.0000,1319.3590,2283
RUSTSEC-2019-0019,CVE-2019-16143,CRITICAL,blake2,0.8.1,2019-08-25 22:36:55.725369 UTC,28,24,498.0000,601.6429,1631
RUSTSEC-2019-0020,CVE-2019-16144,HIGH,generator,0.6.18,2019-09-06 03:28:51.334112 UTC,2,19,296.0000,296.0000,573
RUSTSEC-2019-0023,CVE-2019-16882,HIGH,string-interner,0.6.4,2019-09-03 23:46:36.643127 UTC,5,3,451.0000,348.4000,501
RUSTSEC-2019-0025,CVE-2019-25001,HIGH,serde_cbor,0.10.2,2019-10-03 18:27:12.522080 UTC,32,39,240.0000,406.2188,1764
RUSTSEC-2019-0026,CVE-2019-25002,CRITICAL,sodiumoxide,0.2.5,2019-10-12 10:38:53.324953 UTC,8,11,284.5000,541.7500,1974
RUSTSEC-2019-0027,CVE-2019-25003,HIGH,libsecp256k1,0.3.1,2019-10-03 21:24:34.245602 UTC,7,11,476.0000,486.0000,1341
RUSTSEC-2019-0028,CVE-2019-25004,CRITICAL,flatbuffers,0.6.1,2020-01-30 21:59:18.423774 UTC,4,361,498.0000,484.0000,579
RUSTSEC-2019-0029,CVE-2019-25005,HIGH,chacha20,0.2.3,2019-10-23 16:31:38.288729 UTC,3,85,155.0000,329.3333,748
RUSTSEC-2019-0030,CVE-2019-25006,UNKNOWN,streebog,0.8.0,2019-11-06 11:51:25.801883 UTC,1,253,253.0000,253.0000,253
RUSTSEC-2019-0033,CVE-2019-25008,HIGH,http,0.1.20,2019-11-26 18:27:09.067986 UTC,159,2,57.0000,247.8616,1779
RUSTSEC-2019-0034,CVE-2019-25009,CRITICAL,http,0.1.20,2019-11-26 18:27:09.067986 UTC,159,2,57.0000,247.9874,1799
RUSTSEC-2019-0035,CVE-2020-25576,CRITICAL,rand_core,0.3.1,2019-01-25 10:13:38.412651 UTC,41,132,272.0000,582.8049,2483
RUSTSEC-2019-0037,CVE-2019-25054,MEDIUM,pnet,0.27.2,2020-11-27 19:27:55.705558 UTC,18,67,330.5000,475.4444,1076
RUSTSEC-2019-0038,CVE-2019-25055,INFO,libpulse-binding,2.6.0,2019-03-11 19:11:29.155302 UTC,5,0,511.0000,965.0000,2263
RUSTSEC-2020-0001,CVE-2020-35857,HIGH,trust-dns-server,0.18.1,2020-01-05 01:16:41.532163 UTC,1,0,0.0000,0.0000,0
RUSTSEC-2020-0002,CVE-2020-35858,CRITICAL,prost,0.6.1,2020-01-16 17:46:35.536706 UTC,87,0,383.0000,471.1609,2044
RUSTSEC-2020-0004,CVE-2020-35859,CRITICAL,lucet-runtime-internals,0.4.3,2020-01-24 19:57:57.176261 UTC,4,0,0.0000,3.0000,12
RUSTSEC-2020-0006,CVE-2020-35861,HIGH,bumpalo,3.2.1,2020-03-24 21:12:40.961820 UTC,5,0,1088.0000,781.6000,1332
RUSTSEC-2020-0007,CVE-2020-35862,CRITICAL,bitvec,0.17.4,2020-03-27 21:38:50.726562 UTC,17,0,198.0000,314.5294,1266
RUSTSEC-2020-0008,CVE-2020-35863,CRITICAL,hyper,0.12.34,2019-09-04 21:46:58.773153 UTC,279,26,503.0000,519.1434,2231
RUSTSEC-2020-0009,CVE-2020-35864,HIGH,flatbuffers,2.0.0,2021-05-19 20:27:39.088855 UTC,4,23,40.5000,52.0000,104
RUSTSEC-2020-0012,CVE-2020-35865,HIGH,os_str_bytes,2.0.0,2020-04-18 20:38:14.303117 UTC,1,1392,1392.0000,1392.0000,1392
RUSTSEC-2020-0014,CVE-2020-35866,UNKNOWN,rusqlite,0.23.0,2020-04-23 16:48:28.015884 UTC,53,1,267.0000,505.7358,2011
RUSTSEC-2020-0017,CVE-2020-35874,HIGH,internment,0.4.0,2020-07-17 21:01:33.809778 UTC,1,262,262.0000,262.0000,262
RUSTSEC-2020-0019,CVE-2020-35875,HIGH,tokio-rustls,0.12.3,2020-05-19 04:12:58.025612 UTC,42,0,89.5000,283.5714,1984
RUSTSEC-2020-0024,CVE-2020-15093,HIGH,tough,0.7.1,2020-07-09 18:21:21.663578 UTC,2,13,13.0000,13.0000,13
RUSTSEC-2020-0026,CVE-2020-25573,CRITICAL,linked-hash-map,0.5.3,2020-05-06 17:17:17.671380 UTC,27,60,446.0000,630.4074,1986
RUSTSEC-2020-0028,CVE-2020-35882,HIGH,rocket,0.4.5,2020-05-30 21:53:30.401869 UTC,93,0,1296.0000,1187.8387,1904
RUSTSEC-2020-0029,CVE-2020-25016,CRITICAL,rgb,0.8.20,2020-07-06 17:47:55.089873 UTC,17,0,50.0000,150.8824,907
RUSTSEC-2020-0031,CVE-2020-35884,MEDIUM,tiny_http,0.6.3,2021-04-16 07:06:15.311698 UTC,13,2,230.0000,404.4615,1237
RUSTSEC-2020-0041,CVE-2020-25791,HIGH,sized-chunks,0.6.3,2021-02-14 10:36:18.685590 UTC,3,178,439.0000,352.0000,439
RUSTSEC-2020-0045,CVE-2020-35898,CRITICAL,actix-utils,2.0.0,2020-08-24 08:28:21.066483 UTC,10,9,17.5000,66.3000,299
RUSTSEC-2020-0046,CVE-2020-35899,MEDIUM,actix-service,1.0.6,2020-08-09 15:22:04.000044 UTC,33,9,80.0000,257.7273,890
RUSTSEC-2020-0048,CVE-2020-35901,HIGH,actix-http,2.0.0-alpha.1,2020-02-27 05:55:00.649604 UTC,28,13,729.0000,591.1429,1528
RUSTSEC-2020-0049,CVE-2020-35902,CRITICAL,actix-codec,0.3.0-beta.1,2020-08-19 10:07:49.259703 UTC,11,0,21.0000,65.0909,305
RUSTSEC-2020-0050,CVE-2020-35903,MEDIUM,dync,0.5.0,2020-10-13 05:36:30.106980 UTC,1,152,152.0000,152.0000,152
RUSTSEC-2020-0052,CVE-2020-15254,UNKNOWN,crossbeam-channel,0.4.4,2020-09-06 11:32:45.793590 UTC,136,2,150.0000,350.9559,1757
RUSTSEC-2020-0059,CVE-2020-35905,MEDIUM,futures-util,0.3.7,2020-10-23 18:04:48.706192 UTC,193,0,885.0000,832.3212,1866
RUSTSEC-2020-0060,CVE-2020-35906,HIGH,futures-task,0.3.6,2020-10-05 18:41:41.056220 UTC,5,0,0.0000,370.2000,1850
RUSTSEC-2020-0061,CVE-2020-35907,MEDIUM,futures-task,0.3.5,2020-05-08 23:14:39.892837 UTC,6,0,0.0000,338.3333,2000
RUSTSEC-2020-0062,CVE-2020-35908,MEDIUM,futures-util,0.3.2,2020-02-04 00:18:58.967225 UTC,152,0,1365.0000,1195.7763,2129
RUSTSEC-2020-0068,CVE-2020-35909,HIGH,multihash,0.11.3,2020-08-21 09:06:45.151477 UTC,15,58,102.0000,170.3333,1021
RUSTSEC-2020-0069,CVE-2020-28247,MEDIUM,lettre,0.7.1,2020-11-11 16:52:22.637454 UTC,3,184,226.0000,404.3333,803
RUSTSEC-2020-0070,CVE-2020-35910,INFO,lock_api,0.4.2,2020-11-18 02:04:05.657630 UTC,10,282,592.5000,726.1000,1681
RUSTSEC-2020-0071,CVE-2020-26235,MEDIUM,time,0.2.23,2020-11-17 22:15:18.302912 UTC,204,2,543.5000,621.8382,1834
RUSTSEC-2020-0072,CVE-2020-35915,MEDIUM,futures-intrusive,0.4.0,2020-11-20 06:21:45.152345 UTC,2,1,10.5000,10.5000,20
RUSTSEC-2020-0073,CVE-2020-35916,MEDIUM,image,0.23.12,2020-11-18 21:04:16.204386 UTC,239,2,537.0000,633.5858,1845
RUSTSEC-2020-0074,CVE-2020-35917,MEDIUM,pyo3,0.12.4,2020-11-28 20:08:11.363394 UTC,29,26,1311.0000,1003.7586,1830
RUSTSEC-2020-0078,CVE-2020-35919,MEDIUM,net2,0.2.36,2020-11-27 20:11:23.778416 UTC,3,0,3.0000,298.0000,891
RUSTSEC-2020-0079,CVE-2020-35919,MEDIUM,socket2,0.3.16,2020-11-11 12:48:58.443722 UTC,52,4,165.5000,354.1923,1831
RUSTSEC-2020-0080,CVE-2020-35921,MEDIUM,miow,0.2.2,2020-11-27 22:40:22.201982 UTC,6,0,778.0000,676.0000,1290
RUSTSEC-2020-0081,CVE-2020-35922,MEDIUM,mio,0.7.6,2020-11-16 14:39:21.860126 UTC,33,0,494.0000,508.4848,1057
RUSTSEC-2020-0082,CVE-2020-35923,MEDIUM,ordered-float,1.1.1,2020-12-06 19:45:45.742231 UTC,66,33,520.5000,542.5455,1648
RUSTSEC-2020-0087,CVE-2020-35924,MEDIUM,try-mutex,0.3.0,2020-11-16 19:53:19.750978 UTC,2,3,18.0000,18.0000,33
RUSTSEC-2020-0089,CVE-2020-35926,MEDIUM,nanorand,0.5.1,2020-12-07 12:43:47.857595 UTC,4,43,159.0000,166.0000,303
RUSTSEC-2020-0091,CVE-2020-35711,HIGH,arc-swap,0.4.8,2020-12-11 17:56:52.042241 UTC,23,15,312.0000,429.7826,1228
RUSTSEC-2020-0093,CVE-2020-26281,UNKNOWN,async-h1,2.3.0,2020-12-18 00:58:27.800247 UTC,3,42,93.0000,85.0000,120
RUSTSEC-2020-0096,CVE-2020-36204,MEDIUM,im,15.1.0,2022-04-29 14:12:56.603719 UTC,11,10,189.0000,317.0909,1059
RUSTSEC-2020-0098,CVE-2020-36206,HIGH,rusb,0.7.0,2021-01-15 11:21:20.709219 UTC,12,0,170.0000,315.1667,1157
RUSTSEC-2020-0100,CVE-2020-36434,CRITICAL,sys-info,0.8.0,2021-01-25 05:57:02.469911 UTC,13,4,104.0000,254.3846,793
RUSTSEC-2020-0101,CVE-2020-36208,HIGH,conquer-once,0.3.2,2021-01-04 14:12:12.400613 UTC,2,149,576.0000,576.0000,1003
RUSTSEC-2020-0112,CVE-2020-36218,MEDIUM,buttplug,1.0.4,2021-01-02 22:58:15.120279 UTC,1,91,91.0000,91.0000,91
RUSTSEC-2020-0115,CVE-2020-36435,HIGH,ruspiro-singleton,0.4.1,2020-11-16 22:32:50.408736 UTC,5,0,165.0000,159.6000,294
RUSTSEC-2020-0122,CVE-2020-36442,HIGH,beef,0.5.0,2021-01-26 21:17:10.399333 UTC,10,5,38.5000,66.4000,179
RUSTSEC-2020-0123,CVE-2020-36443,CRITICAL,libp2p-deflate,0.27.1,2021-01-27 12:30:45.219063 UTC,1,19,19.0000,19.0000,19
RUSTSEC-2020-0145,CVE-2020-36464,HIGH,heapless,0.6.1,2021-03-02 14:52:46.667261 UTC,48,0,193.0000,405.7292,1600
RUSTSEC-2020-0146,CVE-2020-36465,HIGH,generic-array,0.8.4,2021-03-02 13:08:18.590471 UTC,40,0,65.5000,203.7250,1491
RUSTSEC-2020-0151,CVE-2020-36471,MEDIUM,generator,0.7.0,2021-03-30 08:20:02.459302 UTC,3,2,13.0000,9.6667,14
RUSTSEC-2020-0157,CVE-2020-13759,HIGH,vm-memory,0.1.1,2020-05-28 14:58:29.869111 UTC,1,483,483.0000,483.0000,483
RUSTSEC-2020-0159,RUSTSEC-2020-0159,UNKNOWN,chrono,0.4.20,2022-08-04 14:44:48.644811 UTC,1036,0,345.5000,442.1718,1219
RUSTSEC-2020-0165,RUSTSEC-2020-0165,INFO,mozjpeg,0.8.19,2020-07-06 18:08:27.388033 UTC,1,0,0.0000,0.0000,0
RUSTSEC-2020-0167,RUSTSEC-2020-0167,MEDIUM,pnet_packet,0.27.2,2020-11-27 19:25:59.709932 UTC,5,0,50.0000,30.0000,50
RUSTSEC-2021-0001,CVE-2020-26297,MEDIUM,mdbook,0.4.5,2021-01-04 15:06:58.768011 UTC,24,0,573.5000,549.2917,1599
RUSTSEC-2021-0003,CVE-2021-25900,CRITICAL,smallvec,0.6.14,2021-01-08 17:33:49.972521 UTC,196,0,398.5000,612.4235,1792
RUSTSEC-2021-0007,CVE-2021-25904,HIGH,av-data,0.3.0,2021-01-18 21:48:15.444944 UTC,5,0,0.0000,50.6000,212
RUSTSEC-2021-0009,CVE-2021-25906,HIGH,basic_dsp_matrix,0.9.2,2021-01-11 08:35:42.482377 UTC,1,0,0.0000,0.0000,0
RUSTSEC-2021-0013,CVE-2021-26306,UNKNOWN,raw-cpuid,9.0.0,2021-01-21 18:42:56.546842 UTC,9,0,22.0000,80.3333,416
RUSTSEC-2021-0015,CVE-2021-26951,CRITICAL,calamine,0.17.0,2021-02-03 13:43:03.115633 UTC,7,3,63.0000,426.8571,1207
RUSTSEC-2021-0017,CVE-2021-26953,HIGH,postscript,0.14.0,2021-01-31 10:03:32.404436 UTC,3,0,0.0000,154.3333,463
RUSTSEC-2021-0020,CVE-2021-21299,HIGH,hyper,0.12.36,2021-02-18 03:02:44.417073 UTC,936,0,1347.0000,1185.2457,1759
RUSTSEC-2021-0023,CVE-2021-27378,CRITICAL,rand_core,0.6.2,2021-02-14 09:26:07.419245 UTC,102,11,1458.0000,1298.4804,1760
RUSTSEC-2021-0026,CVE-2021-27671,MEDIUM,comrak,0.9.1,2021-02-12 11:17:51.998904 UTC,9,2,220.0000,337.0000,895
RUSTSEC-2021-0028,CVE-2021-28028,UNKNOWN,toodee,0.3.0,2021-02-20 03:39:45.130291 UTC,1,380,380.0000,380.0000,380
RUSTSEC-2021-0029,CVE-2021-28030,HIGH,truetype,0.30.1,2021-02-18 08:04:54.720143 UTC,2,644,644.0000,644.0000,644
RUSTSEC-2021-0035,CVE-2021-28036,HIGH,quinn,0.5.4,2021-03-04 10:03:56.497112 UTC,4,2,45.0000,42.2500,77
RUSTSEC-2021-0036,CVE-2021-28037,CRITICAL,internment,0.4.2,2021-03-04 13:38:05.750145 UTC,1,33,33.0000,33.0000,33
RUSTSEC-2021-0037,CVE-2021-28305,CRITICAL,diesel,1.4.6,2021-03-05 11:10:08.761869 UTC,49,1,550.0000,549.7143,1202
RUSTSEC-2021-0038,CVE-2021-28306,UNKNOWN,fltk,0.15.3,2021-02-23 22:23:23.904605 UTC,5,0,52.0000,539.4000,1312
RUSTSEC-2021-0043,CVE-2021-29934,HIGH,uu_od,0.0.4,2021-03-07 11:01:37.213243 UTC,1,0,0.0000,0.0000,0
RUSTSEC-2021-0044,CVE-2021-29935,HIGH,rocket,0.4.7,2021-02-10 01:54:07.266631 UTC,87,0,1057.0000,1057.0690,1649
RUSTSEC-2021-0054,CVE-2021-31919,HIGH,rkyv,0.6.0,2021-04-29 02:07:52.670319 UTC,14,0,1242.0000,968.4286,1283
RUSTSEC-2021-0063,CVE-2021-38186,UNKNOWN,comrak,0.10.1,2021-05-04 06:53:03.775549 UTC,10,0,335.5000,431.4000,1147
RUSTSEC-2021-0066,RUSTSEC-2021-0066,UNKNOWN,evm-core,0.21.1,2021-05-11 21:00:28.006930 UTC,3,14,14.0000,14.0000,14
RUSTSEC-2021-0067,CVE-2021-32629,HIGH,cranelift-codegen,0.73.1,2021-05-21 21:39:10.260146 UTC,18,0,0.0000,4.2222,65
RUSTSEC-2021-0068,CVE-2021-38188,UNKNOWN,iced-x86,1.10.3,2021-02-06 11:41:40.222766 UTC,3,65,346.0000,451.0000,942
RUSTSEC-2021-0069,CVE-2021-38189,UNKNOWN,lettre,0.9.6,2021-05-22 18:04:21.328679 UTC,5,3,506.0000,518.4000,1438
RUSTSEC-2021-0070,CVE-2021-38190,UNKNOWN,nalgebra,0.27.1,2021-06-04 09:09:31.217401 UTC,113,6,170.0000,356.1504,1536
RUSTSEC-2021-0071,CVE-2021-3013,CRITICAL,grep-cli,0.1.6,2021-06-12 12:01:53.980792 UTC,1,0,0.0000,0.0000,0
RUSTSEC-2021-0072,CVE-2021-38191,UNKNOWN,tokio,1.5.1,2021-07-06 20:42:03.780515 UTC,1480,1,794.0000,773.7480,1618
RUSTSEC-2021-0073,CVE-2021-38192,UNKNOWN,prost-types,0.8.0,2021-07-08 14:34:29.109682 UTC,49,0,111.0000,187.8980,1166
RUSTSEC-2021-0074,CVE-2021-38193,UNKNOWN,ammonia,2.1.3,2021-07-08 19:37:14.523902 UTC,7,160,807.0000,742.1429,1528
RUSTSEC-2021-0075,CVE-2021-38194,UNKNOWN,ark-r1cs-std,0.3.1,2021-07-07 07:22:57.967600 UTC,31,559,559.0000,662.1613,1209
RUSTSEC-2021-0076,CVE-2021-38195,UNKNOWN,libsecp256k1,0.5.0,2021-05-18 21:52:38.919309 UTC,21,26,155.0000,210.5238,748
RUSTSEC-2021-0078,CVE-2021-32715,MEDIUM,hyper,0.14.10,2021-07-07 18:34:07.364319 UTC,948,2,1196.0000,1046.3966,1607
RUSTSEC-2021-0079,CVE-2021-32714,CRITICAL,hyper,0.14.10,2021-07-07 18:34:07.364319 UTC,948,2,1196.0000,1046.3439,1607
RUSTSEC-2021-0080,CVE-2021-38511,HIGH,tar,0.4.36,2021-08-10 14:42:42.586781 UTC,66,3,460.0000,548.6515,1516
RUSTSEC-2021-0081,CVE-2021-38512,HIGH,actix-http,2.2.1,2021-08-09 09:04:53.844253 UTC,27,9,117.0000,208.0370,954
RUSTSEC-2021-0086,CVE-2021-45684,INFO,flumedb,0.1.6,2022-01-13 21:17:47.913909 UTC,1,0,0.0000,0.0000,0
RUSTSEC-2021-0087,CVE-2021-45685,INFO,columnar,0.1.0,2024-11-24 17:47:41.859677 UTC,2,23,34.0000,34.0000,45
RUSTSEC-2021-0088,CVE-2021-45686,INFO,csv-sniffer,0.2.0,2022-03-19 17:30:55.319200 UTC,2,336,677.5000,677.5000,1019
RUSTSEC-2021-0089,CVE-2021-45687,UNKNOWN,raw-cpuid,9.1.1,2021-07-06 19:37:06.494357 UTC,9,26,68.0000,97.8889,250
RUSTSEC-2021-0093,CVE-2021-32810,CRITICAL,crossbeam-deque,0.7.4,2021-07-30 22:35:27.067011 UTC,8,224,301.0000,510.6250,1045
RUSTSEC-2021-0100,CVE-2021-45696,UNKNOWN,sha2,0.9.8,2021-09-09 10:39:34.904469 UTC,450,1,310.0000,438.9578,1552
RUSTSEC-2021-0103,CVE-2021-45697,UNKNOWN,molecule,0.7.2,2021-07-29 16:07:07.685517 UTC,4,0,529.5000,527.0000,1049
RUSTSEC-2021-0106,CVE-2021-36753,HIGH,bat,0.18.2,2021-07-13 11:11:58.098470 UTC,6,19,227.0000,360.8333,1099
RUSTSEC-2021-0110,CVE-2021-39216,MEDIUM,wasmtime,0.30.0,2021-09-17 18:42:13.177700 UTC,18,0,26.0000,144.3889,834
RUSTSEC-2021-0111,CVE-2021-45701,UNKNOWN,tremor-script,0.11.6,2021-09-16 12:20:22.318955 UTC,1,12,12.0000,12.0000,12
RUSTSEC-2021-0113,CVE-2021-45704,UNKNOWN,metrics-util,0.7.0,2021-05-03 17:07:11.844187 UTC,3,0,0.0000,457.3333,1372
RUSTSEC-2021-0114,CVE-2021-45705,UNKNOWN,nanorand,0.6.1,2021-07-24 00:23:28.652067 UTC,5,74,229.0000,445.4000,940
RUSTSEC-2021-0115,CVE-2021-45706,UNKNOWN,zeroize_derive,1.1.1,2021-10-09 17:20:49.763067 UTC,1,97,97.0000,97.0000,97
RUSTSEC-2021-0116,RUSTSEC-2021-0116,UNKNOWN,arrow,6.4.0,2021-12-14 11:44:49.390549 UTC,18,0,72.0000,91.7778,349
RUSTSEC-2021-0117,RUSTSEC-2021-0117,UNKNOWN,arrow,6.4.0,2021-12-14 11:44:49.390549 UTC,18,0,72.0000,91.7778,349
RUSTSEC-2021-0118,RUSTSEC-2021-0118,UNKNOWN,arrow,6.4.0,2021-12-14 11:44:49.390549 UTC,18,0,72.0000,91.7778,349
RUSTSEC-2021-0119,CVE-2021-45707,UNKNOWN,nix,0.20.2,2021-09-29 04:25:30.119276 UTC,278,0,187.0000,307.3237,1453
RUSTSEC-2021-0122,RUSTSEC-2021-0122,CRITICAL,flatbuffers,22.9.29,2022-10-18 20:48:00.392221 UTC,9,8,47.0000,54.8889,130
RUSTSEC-2021-0124,CVE-2021-45710,UNKNOWN,tokio,1.8.4,2021-11-16 20:22:55.422077 UTC,1677,0,606.0000,659.4413,1486
RUSTSEC-2021-0125,CVE-2021-45711,UNKNOWN,simple_asn1,0.6.1,2021-11-14 21:53:04.890850 UTC,2,15,21.5000,21.5000,28
RUSTSEC-2021-0126,CVE-2021-45712,UNKNOWN,rust-embed,6.3.0,2021-11-28 08:45:47.541861 UTC,28,0,169.5000,388.3929,1431
RUSTSEC-2021-0128,CVE-2021-45713,UNKNOWN,rusqlite,0.25.4,2021-12-08 04:11:07.837066 UTC,70,0,279.0000,389.8143,1418
RUSTSEC-2021-0130,CVE-2021-45720,UNKNOWN,lru,0.7.1,2021-12-18 19:10:32.286948 UTC,78,3,268.0000,337.2949,1322
RUSTSEC-2021-0132,CVE-2020-36846,UNKNOWN,compu-brotli-sys,1.0.9,2021-08-29 11:07:54.087673 UTC,1,589,589.0000,589.0000,589
RUSTSEC-2021-0143,CVE-2021-21235,MEDIUM,kamadak-exif,0.5.3,2021-01-05 08:57:53.226631 UTC,9,28,1443.0000,1217.2222,1797
RUSTSEC-2021-0154,RUSTSEC-2021-0154,INFO,fuser,0.16.0,2025-09-12 15:08:55.383060 UTC,12,0,13.0000,23.8333,60
RUSTSEC-2022-0002,RUSTSEC-2022-0002,UNKNOWN,dashmap,5.1.0,2022-02-06 16:54:15.633230 UTC,72,0,873.0000,616.9722,1391
RUSTSEC-2022-0003,RUSTSEC-2022-0003,UNKNOWN,ammonia,3.1.3,2022-01-19 22:06:38.346458 UTC,10,32,246.5000,350.8000,848
RUSTSEC-2022-0006,RUSTSEC-2022-0006,UNKNOWN,thread_local,1.1.4,2022-01-24 01:26:53.959262 UTC,10,1,350.0000,479.0000,1375
RUSTSEC-2022-0007,RUSTSEC-2022-0007,INFO,qcell,0.4.3,2021-09-21 03:54:11.022251 UTC,1,265,265.0000,265.0000,265
RUSTSEC-2022-0008,RUSTSEC-2022-0008,INFO,windows,0.32.0,2022-02-03 21:40:09.710267 UTC,59,0,133.0000,198.9322,883
RUSTSEC-2022-0009,RUSTSEC-2022-0009,UNKNOWN,libp2p-core,0.30.2,2022-02-07 10:46:15.385328 UTC,25,0,15.0000,23.8400,214
RUSTSEC-2022-0010,RUSTSEC-2022-0010,INFO,enum-map,2.0.2,2022-02-17 21:24:31.744256 UTC,3,971,1250.0000,1183.3333,1329
RUSTSEC-2022-0012,RUSTSEC-2022-0012,UNKNOWN,arrow2,0.7.1,2022-03-04 16:59:04.438135 UTC,8,8,10.0000,39.7500,150
RUSTSEC-2022-0013,CVE-2022-24713,HIGH,regex,1.5.5,2022-03-08 13:59:00.709389 UTC,998,0,326.5000,455.5892,1373
RUSTSEC-2022-0016,CVE-2022-24791,UNKNOWN,wasmtime,0.34.2,2022-03-31 21:20:39.685166 UTC,11,0,25.0000,57.9091,253
RUSTSEC-2022-0017,RUSTSEC-2022-0017,INFO,array-macro,2.1.2,2022-04-27 16:18:57.282082 UTC,1,2,2.0000,2.0000,2
RUSTSEC-2022-0019,RUSTSEC-2022-0019,INFO,crossbeam-channel,0.4.3,2020-07-21 17:00:45.983654 UTC,173,6,292.0000,452.6243,1803
RUSTSEC-2022-0020,RUSTSEC-2022-0020,INFO,crossbeam,0.7.0,2019-01-28 20:37:17.179644 UTC,25,17,181.0000,361.6400,1864
RUSTSEC-2022-0021,RUSTSEC-2022-0021,INFO,crossbeam-queue,0.2.3,2020-06-11 01:13:14.752568 UTC,22,0,280.5000,400.2727,1685
RUSTSEC-2022-0022,RUSTSEC-2022-0022,INFO,hyper,0.14.12,2021-08-24 23:25:44.040063 UTC,948,0,1147.0000,1008.2300,1559
RUSTSEC-2022-0028,RUSTSEC-2022-0028,UNKNOWN,neon,0.10.1,2022-05-23 19:08:34.260810 UTC,30,48,48.0000,118.8667,462
RUSTSEC-2022-0029,RUSTSEC-2022-0029,UNKNOWN,crossbeam,0.3.0,2017-08-01 21:12:48.229129 UTC,28,25,198.0000,418.1786,2409
RUSTSEC-2022-0030,CVE-2022-31099,UNKNOWN,rulex,0.4.3,2022-06-19 14:02:36.980286 UTC,2,0,0.0000,0.0000,0
RUSTSEC-2022-0031,CVE-2022-31100,UNKNOWN,rulex,0.4.3,2022-06-19 14:02:36.980286 UTC,2,0,0.0000,0.0000,0
RUSTSEC-2022-0035,CVE-2022-35922,UNKNOWN,websocket,0.26.5,2022-07-24 19:04:36.482586 UTC,3,35,62.0000,251.0000,656
RUSTSEC-2022-0037,RUSTSEC-2022-0037,HIGH,async-graphql,4.0.6,2022-07-30 12:51:25.183047 UTC,20,0,195.0000,279.3000,1059
RUSTSEC-2022-0038,CVE-2022-31173,HIGH,juniper,0.15.10,2022-07-28 14:15:32.586977 UTC,12,12,601.0000,501.8333,730
RUSTSEC-2022-0041,CVE-2022-23639,INFO,crossbeam-utils,0.8.7,2022-02-05 12:54:05.192066 UTC,37,3,469.0000,485.1351,1326
RUSTSEC-2022-0043,RUSTSEC-2022-0043,UNKNOWN,tower-http,0.1.3,2022-01-22 10:12:57.528116 UTC,18,0,132.5000,219.0556,820
RUSTSEC-2022-0046,RUSTSEC-2022-0046,UNKNOWN,rocksdb,0.19.0,2022-08-05 13:56:36.551020 UTC,27,1,168.0000,258.2222,961
RUSTSEC-2022-0049,RUSTSEC-2022-0049,INFO,iana-time-zone,0.1.45,2022-08-16 03:20:46.312810 UTC,4,15,189.0000,150.2500,208
RUSTSEC-2022-0051,RUSTSEC-2022-0051,CRITICAL,lz4-sys,1.9.4,2022-08-26 18:08:25.455077 UTC,6,0,386.5000,455.8333,1043
RUSTSEC-2022-0052,RUSTSEC-2022-0052,INFO,os_socketaddr,0.2.2,2022-08-26 13:57:17.544930 UTC,3,0,77.0000,91.0000,196
RUSTSEC-2022-0055,CVE-2022-3212,UNKNOWN,axum-core,0.2.8,2022-09-10 07:58:26.835756 UTC,16,0,80.5000,139.6875,797
RUSTSEC-2022-0062,RUSTSEC-2022-0062,UNKNOWN,matrix-sdk,0.6.2,2022-10-24 10:55:56.146944 UTC,5,482,675.0000,729.4000,1008
RUSTSEC-2022-0063,CVE-2022-36086,HIGH,linked_list_allocator,0.10.2,2022-09-06 19:09:53.232265 UTC,5,60,168.0000,414.8000,944
RUSTSEC-2022-0067,RUSTSEC-2022-0067,INFO,lzf,0.3.2,2022-11-06 12:54:24.618085 UTC,1,874,874.0000,874.0000,874
RUSTSEC-2022-0068,CVE-2022-46149,UNKNOWN,capnp,0.13.7,2022-11-30 15:03:55.419051 UTC,8,47,109.5000,277.6250,980
RUSTSEC-2022-0069,RUSTSEC-2022-0069,UNKNOWN,hyper-staticfile,0.9.2,2022-11-30 15:48:04.347499 UTC,5,353,497.0000,561.8000,1074
RUSTSEC-2022-0070,RUSTSEC-2022-0070,INFO,secp256k1,0.22.2,2022-12-07 13:38:57.717409 UTC,77,0,174.0000,258.5714,1079
RUSTSEC-2022-0072,RUSTSEC-2022-0072,UNKNOWN,hyper-staticfile,0.9.4,2022-12-23 09:29:39.531384 UTC,7,330,500.0000,650.1429,1051
RUSTSEC-2022-0074,RUSTSEC-2022-0074,INFO,prettytable-rs,0.10.0,2022-12-27 10:39:23.283494 UTC,80,1,78.5000,187.2500,1059
RUSTSEC-2022-0075,CVE-2022-39393,UNKNOWN,wasmtime,1.0.2,2022-11-11 00:07:51.065350 UTC,45,0,81.0000,139.4222,665
RUSTSEC-2022-0076,CVE-2022-39392,HIGH,wasmtime,1.0.2,2022-11-11 00:07:51.065350 UTC,45,0,81.0000,139.4222,665
RUSTSEC-2022-0078,RUSTSEC-2022-0078,INFO,bumpalo,3.11.1,2022-10-18 21:15:46.723220 UTC,14,4,155.5000,287.4286,1089
RUSTSEC-2022-0082,RUSTSEC-2022-0082,UNKNOWN,warp,0.3.3,2022-09-27 17:26:21.373775 UTC,37,3,260.0000,515.2162,1151
RUSTSEC-2022-0083,CVE-2022-39354,HIGH,evm,0.36.0,2022-10-25 12:08:48.825203 UTC,1,1026,1026.0000,1026.0000,1026
RUSTSEC-2022-0084,CVE-2022-23486,HIGH,libp2p,0.45.1,2022-06-09 13:39:06.977649 UTC,15,1,127.0000,112.7333,188
RUSTSEC-2022-0085,CVE-2022-39252,HIGH,matrix-sdk-crypto,0.6.0,2022-09-28 15:28:07.936795 UTC,3,0,0.0000,0.0000,0
RUSTSEC-2022-0086,CVE-2022-31162,HIGH,slack-morphism,0.41.0,2022-07-16 11:20:26.215147 UTC,1,0,0.0000,0.0000,0
RUSTSEC-2022-0088,CVE-2022-39215,MEDIUM,tauri,1.0.6,2022-09-15 20:02:21.055614 UTC,68,13,747.0000,767.7941,1181
RUSTSEC-2022-0090,CVE-2022-35737,HIGH,libsqlite3-sys,0.25.1,2022-07-22 09:33:29.108951 UTC,10,25,340.0000,426.6000,1103
RUSTSEC-2022-0091,CVE-2022-41874,LOW,tauri,1.0.7,2022-11-08 14:50:51.955178 UTC,68,12,694.0000,707.1912,1128
RUSTSEC-2022-0092,RUSTSEC-2022-0092,INFO,rmp-serde,1.1.1,2022-09-27 12:56:14.696713 UTC,61,3,475.0000,480.1967,1162
RUSTSEC-2022-0094,RUSTSEC-2022-0094,INFO,mimalloc,0.1.39,2023-09-14 11:31:30.772340 UTC,26,0,227.0000,288.5769,667
RUSTSEC-2022-0095,CVE-2022-31104,UNKNOWN,wasmtime,0.38.1,2022-06-27 22:20:59.348049 UTC,37,0,42.0000,106.0811,550
RUSTSEC-2022-0096,CVE-2022-23636,UNKNOWN,wasmtime,0.33.1,2022-02-16 20:56:57.779467 UTC,26,0,156.5000,197.0000,682
RUSTSEC-2022-0097,CVE-2022-39394,LOW,wasmtime,1.0.2,2022-11-11 00:07:51.065350 UTC,45,0,81.0000,139.4222,665
RUSTSEC-2022-0098,CVE-2022-39393,HIGH,wasmtime,1.0.2,2022-11-11 00:07:51.065350 UTC,45,0,81.0000,139.4222,665
RUSTSEC-2022-0099,CVE-2022-24791,UNKNOWN,wasmtime,0.34.2,2022-03-31 21:20:39.685166 UTC,26,0,143.0000,172.4615,638
RUSTSEC-2022-0100,CVE-2022-31146,UNKNOWN,wasmtime,0.38.2,2022-07-20 19:54:05.615602 UTC,37,0,19.0000,87.6216,527
RUSTSEC-2022-0101,CVE-2022-23636,UNKNOWN,wasmtime,0.38.2,2022-07-20 19:54:05.615602 UTC,37,0,19.0000,87.6216,527
RUSTSEC-2022-0102,CVE-2022-39392,MEDIUM,wasmtime,1.0.2,2022-11-11 00:07:51.065350 UTC,45,0,81.0000,139.4222,665
RUSTSEC-2023-0001,CVE-2023-22466,UNKNOWN,tokio,1.18.4,2023-01-03 22:20:40.063970 UTC,1947,1,327.0000,405.9034,1072
RUSTSEC-2023-0004,CVE-2023-22895,UNKNOWN,bzip2,0.4.4,2023-01-05 17:16:21.294819 UTC,57,5,442.0000,472.6140,1066
RUSTSEC-2023-0005,RUSTSEC-2023-0005,INFO,tokio,1.18.5,2023-01-17 18:28:06.492647 UTC,1950,0,322.0000,405.4826,1058
RUSTSEC-2023-0014,RUSTSEC-2023-0014,INFO,cortex-m-rt,0.7.3,2023-02-14 02:19:51.786566 UTC,134,0,165.0000,252.4328,938
RUSTSEC-2023-0015,RUSTSEC-2023-0015,INFO,ascii,0.9.3,2019-08-26 10:54:23.556369 UTC,7,18,230.0000,279.1429,1077
RUSTSEC-2023-0018,RUSTSEC-2023-0018,UNKNOWN,remove_dir_all,0.8.0,2023-02-24 10:12:32.285594 UTC,17,1,123.0000,233.4118,878
RUSTSEC-2023-0022,RUSTSEC-2023-0022,UNKNOWN,openssl,0.10.48,2023-03-24 01:49:22.391805 UTC,132,3,271.0000,352.7424,987
RUSTSEC-2023-0023,RUSTSEC-2023-0023,UNKNOWN,openssl,0.10.48,2023-03-24 01:49:22.391805 UTC,132,3,271.0000,352.7424,987
RUSTSEC-2023-0024,RUSTSEC-2023-0024,UNKNOWN,openssl,0.10.48,2023-03-24 01:49:22.391805 UTC,132,3,271.0000,352.7424,987
RUSTSEC-2023-0027,RUSTSEC-2023-0027,UNKNOWN,async-nats,0.29.0,2023-03-24 09:37:54.928166 UTC,6,19,129.5000,235.0000,558
RUSTSEC-2023-0029,RUSTSEC-2023-0029,UNKNOWN,nats,0.24.1,2023-11-08 07:59:36.091198 UTC,3,82,171.0000,226.3333,426
RUSTSEC-2023-0030,CVE-2023-28448,MEDIUM,versionize,0.1.10,2023-03-24 13:47:50.013505 UTC,2,289,343.5000,343.5000,398
RUSTSEC-2023-0031,RUSTSEC-2023-0031,INFO,spin,0.9.8,2023-04-03 08:39:47.531534 UTC,43,11,190.0000,345.4884,939
RUSTSEC-2023-0033,RUSTSEC-2023-0033,INFO,borsh,0.10.4,2024-09-23 13:31:41.961473 UTC,144,53,369.0000,370.0417,846
RUSTSEC-2023-0034,CVE-2023-26964,UNKNOWN,h2,0.3.17,2023-04-13 14:59:25.899122 UTC,23,0,307.0000,379.7391,899
RUSTSEC-2023-0035,RUSTSEC-2023-0035,INFO,enumflags2,0.7.7,2023-04-17 00:12:54.843883 UTC,13,15,101.0000,199.0000,576
RUSTSEC-2023-0038,CVE-2023-53160,UNKNOWN,sequoia-openpgp,1.1.1,2023-05-16 13:08:04.733749 UTC,25,2,485.0000,397.1200,794
RUSTSEC-2023-0039,CVE-2023-53161,UNKNOWN,buffered-reader,1.0.2,2023-05-19 13:32:30.416371 UTC,4,162,494.0000,454.2500,667
RUSTSEC-2023-0041,RUSTSEC-2023-0041,UNKNOWN,trust-dns-server,0.22.1,2023-06-01 17:11:46.556922 UTC,4,0,59.5000,55.2500,102
RUSTSEC-2023-0042,RUSTSEC-2023-0042,INFO,ouroboros,0.16.0,2023-06-15 00:08:52.551965 UTC,19,0,57.0000,102.5789,736
RUSTSEC-2023-0044,CVE-2023-53159,UNKNOWN,openssl,0.10.55,2023-06-20 21:01:57.273257 UTC,129,7,198.0000,304.5581,898
RUSTSEC-2023-0045,RUSTSEC-2023-0045,INFO,memoffset,0.6.2,2021-03-25 22:37:21.804193 UTC,41,36,697.0000,664.3415,1622
RUSTSEC-2023-0052,RUSTSEC-2023-0052,HIGH,webpki,0.22.2,2023-09-30 19:55:39.508148 UTC,7,1,113.0000,103.4286,187
RUSTSEC-2023-0053,RUSTSEC-2023-0053,HIGH,rustls-webpki,0.100.2,2023-08-22 08:52:30.021769 UTC,16,21,148.0000,169.3750,408
RUSTSEC-2023-0055,RUSTSEC-2023-0055,INFO,lexical,7.0.0,2024-09-14 22:59:42.652156 UTC,13,2,113.0000,130.5385,377
RUSTSEC-2023-0056,CVE-2023-41051,LOW,vm-memory,0.12.2,2023-08-29 13:28:11.682345 UTC,14,2,220.5000,320.7857,790
RUSTSEC-2023-0057,RUSTSEC-2023-0057,INFO,inventory,0.2.0,2021-11-10 04:55:18.999125 UTC,16,0,134.0000,340.7500,1332
RUSTSEC-2023-0058,RUSTSEC-2023-0058,INFO,inventory,0.2.0,2021-11-10 04:55:18.999125 UTC,16,0,134.0000,340.7500,1332
RUSTSEC-2023-0060,CVE-2023-4863,UNKNOWN,libwebp-sys2,0.1.8,2023-09-12 23:59:20.255778 UTC,1,24,24.0000,24.0000,24
RUSTSEC-2023-0061,CVE-2023-4863,UNKNOWN,libwebp-sys,0.9.3,2023-09-13 06:53:23.802213 UTC,1,7,7.0000,7.0000,7
RUSTSEC-2023-0062,CVE-2023-39914,HIGH,bcder,0.7.3,2023-09-13 09:26:06.795857 UTC,6,8,52.0000,88.8333,317
RUSTSEC-2023-0063,CVE-2023-42805,HIGH,quinn-proto,0.9.5,2023-09-20 21:19:50.278634 UTC,9,0,230.0000,232.3333,706
RUSTSEC-2023-0064,CVE-2023-53158,UNKNOWN,gix-transport,0.36.1,2023-09-25 06:29:25.724368 UTC,3,0,17.0000,11.3333,17
RUSTSEC-2023-0065,CVE-2023-43669,HIGH,tungstenite,0.20.1,2023-09-23 00:34:51.099547 UTC,49,0,139.0000,208.0612,743
RUSTSEC-2023-0070,RUSTSEC-2023-0070,UNKNOWN,self_cell,0.10.3,2023-11-11 09:44:18.736323 UTC,11,2,255.0000,279.4545,657
RUSTSEC-2023-0072,RUSTSEC-2023-0072,INFO,openssl,0.10.60,2023-11-23 02:01:15.764432 UTC,121,0,235.0000,278.2149,748
RUSTSEC-2023-0073,CVE-2023-6245,HIGH,candid,0.9.10,2023-10-17 19:26:52.957311 UTC,69,28,191.0000,150.8406,694
RUSTSEC-2023-0074,RUSTSEC-2023-0074,UNKNOWN,zerocopy,0.2.9,2023-12-14 00:41:13.578339 UTC,69,0,320.0000,357.4203,710
RUSTSEC-2023-0075,RUSTSEC-2023-0075,INFO,unsafe-libyaml,0.2.10,2023-12-14 22:32:41.475376 UTC,3,5,9.0000,13.6667,27
RUSTSEC-2023-0078,RUSTSEC-2023-0078,INFO,tracing,0.1.40,2023-10-19 01:05:24.833936 UTC,1129,0,340.0000,360.2374,783
RUSTSEC-2023-0086,RUSTSEC-2023-0086,INFO,lexical-core,1.0.0,2024-09-14 22:59:33.317862 UTC,13,0,21.0000,83.4615,412
RUSTSEC-2023-0087,RUSTSEC-2023-0087,INFO,simd-json-derive,0.12.0,2023-10-14 17:24:35.147113 UTC,4,71,177.0000,150.7500,178
RUSTSEC-2023-0090,CVE-2023-26489,CRITICAL,wasmtime,4.0.1,2023-03-08 19:14:36.615697 UTC,52,0,55.0000,95.3462,547
RUSTSEC-2023-0091,CVE-2023-41880,LOW,wasmtime,10.0.2,2023-09-14 21:35:42.346369 UTC,43,0,39.0000,106.1628,748
RUSTSEC-2023-0092,CVE-2023-30624,LOW,wasmtime,6.0.2,2023-04-27 16:57:57.431063 UTC,39,0,74.0000,122.6410,497
RUSTSEC-2023-0093,CVE-2023-27477,LOW,wasmtime,4.0.1,2023-03-08 19:14:36.615697 UTC,52,0,55.0000,95.3462,547
RUSTSEC-2023-0095,CVE-2023-3766,MEDIUM,odoh-rs,1.0.2,2023-07-14 21:07:13.650009 UTC,1,0,0.0000,0.0000,0
RUSTSEC-2023-0096,CVE-2023-42811,MEDIUM,aes-gcm,0.10.3,2023-09-21 22:41:40.418319 UTC,30,0,180.5000,274.8000,805
RUSTSEC-2024-0001,RUSTSEC-2024-0001,INFO,ferris-says,0.3.1,2022-11-01 16:26:43.796556 UTC,1,0,0.0000,0.0000,0
RUSTSEC-2024-0002,CVE-2023-50711,MEDIUM,vmm-sys-util,0.12.0,2024-01-02 11:28:45.316679 UTC,15,0,5.0000,127.5333,492
RUSTSEC-2024-0003,RUSTSEC-2024-0003,UNKNOWN,h2,0.3.24,2024-01-17 19:56:05.204537 UTC,18,6,220.0000,235.5000,651
RUSTSEC-2024-0006,CVE-2024-58266,UNKNOWN,shlex,1.3.0,2024-01-22 05:15:15.585884 UTC,46,0,135.5000,220.8261,665
RUSTSEC-2024-0007,RUSTSEC-2024-0007,INFO,rust-i18n-support,3.0.1,2024-01-23 01:36:20.831733 UTC,4,0,414.0000,315.5000,434
RUSTSEC-2024-0008,CVE-2024-23644,UNKNOWN,trillium-client,0.5.4,2024-01-24 01:11:19.380080 UTC,4,0,39.5000,126.2500,426
RUSTSEC-2024-0009,CVE-2024-23644,UNKNOWN,trillium-http,0.3.12,2024-01-24 00:59:42.488720 UTC,10,0,64.5000,50.9000,74
RUSTSEC-2024-0011,CVE-2024-58265,UNKNOWN,snow,0.9.5,2024-01-24 07:22:53.177904 UTC,7,0,60.0000,160.5714,550
RUSTSEC-2024-0012,CVE-2024-58264,UNKNOWN,serde-json-wasm,0.5.2,2024-01-23 16:56:03.745854 UTC,6,7,62.0000,53.0000,63
RUSTSEC-2024-0019,CVE-2024-27308,UNKNOWN,mio,0.8.11,2024-03-01 20:46:43.682089 UTC,55,11,216.0000,224.3273,642
RUSTSEC-2024-0020,RUSTSEC-2024-0020,UNKNOWN,whoami,1.5.0,2024-03-04 04:41:46.704274 UTC,33,0,84.0000,170.6970,612
RUSTSEC-2024-0021,RUSTSEC-2024-0021,UNKNOWN,eyre,0.6.12,2024-01-31 16:44:06.544480 UTC,70,0,207.0000,253.7286,674
RUSTSEC-2024-0332,RUSTSEC-2024-0332,UNKNOWN,h2,0.3.26,2024-04-03 18:03:53.095955 UTC,20,7,177.0000,237.0000,574
RUSTSEC-2024-0335,CVE-2024-32884,UNKNOWN,gix-transport,0.42.0,2024-04-13 12:32:39.791744 UTC,4,0,0.0000,35.5000,142
RUSTSEC-2024-0336,CVE-2024-32650,HIGH,rustls,0.21.11,2024-04-19 15:22:37.293251 UTC,186,0,167.5000,193.7043,590
RUSTSEC-2024-0338,CVE-2024-58263,UNKNOWN,cosmwasm-std,1.4.4,2024-04-24 09:20:13.406009 UTC,112,0,185.0000,157.5982,509
RUSTSEC-2024-0339,CVE-2024-35312,UNKNOWN,tor-circmgr,0.18.1,2024-05-15 15:52:44.521836 UTC,5,21,21.0000,21.0000,21
RUSTSEC-2024-0340,CVE-2024-35312,UNKNOWN,tor-circmgr,0.18.1,2024-05-15 15:52:44.521836 UTC,5,21,21.0000,21.0000,21
RUSTSEC-2024-0341,CVE-2024-28854,HIGH,tls-listener,0.10.0,2024-03-15 06:29:18.456263 UTC,1,0,0.0000,0.0000,0
RUSTSEC-2024-0342,CVE-2024-34063,UNKNOWN,vodozemac,0.6.0,2024-05-06 12:48:37.226955 UTC,3,73,73.0000,73.0000,73
RUSTSEC-2024-0343,CVE-2024-36400,CRITICAL,nano-id,0.4.0,2024-06-02 22:29:57.341488 UTC,1,6,6.0000,6.0000,6
RUSTSEC-2024-0344,CVE-2024-58262,UNKNOWN,curve25519-dalek,4.1.3,2024-06-18 19:20:35.007627 UTC,30,0,118.0000,126.2333,471
RUSTSEC-2024-0345,CVE-2024-58261,UNKNOWN,sequoia-openpgp,1.21.0,2024-06-26 13:53:44.348709 UTC,35,0,251.0000,236.3714,462
RUSTSEC-2024-0346,RUSTSEC-2024-0346,UNKNOWN,zerovec-derive,0.9.7,2024-06-24 17:40:55.708730 UTC,1,151,151.0000,151.0000,151
RUSTSEC-2024-0347,RUSTSEC-2024-0347,UNKNOWN,zerovec,0.9.7,2024-06-24 17:41:07.581465 UTC,19,14,151.0000,148.9474,247
RUSTSEC-2024-0348,CVE-2024-35186,HIGH,gix-index,0.33.0,2024-05-22 11:49:38.866490 UTC,5,0,0.0000,0.0000,0
RUSTSEC-2024-0349,CVE-2024-35186,HIGH,gix-worktree,0.34.0,2024-05-22 11:49:50.207746 UTC,6,0,0.0000,5.1667,31
RUSTSEC-2024-0350,CVE-2024-35186,HIGH,gix-fs,0.11.0,2024-05-22 11:47:58.786581 UTC,13,0,0.0000,2.3846,31
RUSTSEC-2024-0351,CVE-2024-35197,MEDIUM,gix-ref,0.44.0,2024-05-22 11:49:08.889979 UTC,3,0,0.0000,0.0000,0
RUSTSEC-2024-0352,CVE-2024-35197,MEDIUM,gix-index,0.33.0,2024-05-22 11:49:38.866490 UTC,5,0,0.0000,0.0000,0
RUSTSEC-2024-0353,CVE-2024-35197,MEDIUM,gix-worktree,0.34.0,2024-05-22 11:49:50.207746 UTC,6,0,0.0000,5.1667,31
RUSTSEC-2024-0354,CVE-2024-40640,UNKNOWN,vodozemac,0.7.0,2024-07-17 12:31:55.134820 UTC,3,1,1.0000,1.0000,1
RUSTSEC-2024-0355,CVE-2024-40644,MEDIUM,gix-path,0.10.9,2024-07-18 06:33:42.673623 UTC,25,5,5.0000,9.1200,108
RUSTSEC-2024-0356,CVE-2024-40648,UNKNOWN,matrix-sdk-crypto,0.7.2,2024-07-18 15:13:03.706757 UTC,3,123,123.0000,123.0000,123
RUSTSEC-2024-0357,RUSTSEC-2024-0357,UNKNOWN,openssl,0.10.66,2024-07-21 16:28:56.252033 UTC,98,0,166.5000,187.6122,506
RUSTSEC-2024-0358,CVE-2024-41178,LOW,object_store,0.10.2,2024-07-21 09:53:54.466047 UTC,76,8,32.5000,66.3026,423
RUSTSEC-2024-0359,RUSTSEC-2024-0359,INFO,gix-attributes,0.22.3,2024-07-23 18:25:08.468085 UTC,6,0,0.0000,6.0000,36
RUSTSEC-2024-0360,RUSTSEC-2024-0360,INFO,xmp_toolkit,1.9.0,2024-07-26 05:38:16.840934 UTC,1,20,20.0000,20.0000,20
RUSTSEC-2024-0361,RUSTSEC-2024-0361,UNKNOWN,cosmwasm-vm,1.5.7,2024-08-08 16:24:36.423656 UTC,2,0,12.5000,12.5000,25
RUSTSEC-2024-0362,RUSTSEC-2024-0362,UNKNOWN,alloy-json-abi,0.7.7,2024-07-08 12:55:14.544246 UTC,15,0,51.0000,50.8000,147
RUSTSEC-2024-0363,RUSTSEC-2024-0363,UNKNOWN,sqlx,0.8.1,2024-08-24 07:20:14.953687 UTC,151,0,135.0000,179.0397,464
RUSTSEC-2024-0365,RUSTSEC-2024-0365,UNKNOWN,diesel,2.2.3,2024-08-23 08:23:25.162330 UTC,34,2,165.0000,212.9706,466
RUSTSEC-2024-0366,RUSTSEC-2024-0366,UNKNOWN,cosmwasm-vm,1.2.8,2024-01-10 10:13:37.293558 UTC,2,0,118.5000,118.5000,237
RUSTSEC-2024-0367,CVE-2024-45305,LOW,gix-path,0.10.10,2024-08-22 18:26:16.608619 UTC,25,0,0.0000,2.8800,72
RUSTSEC-2024-0371,CVE-2024-45405,MEDIUM,gix-path,0.10.11,2024-09-06 05:49:12.134704 UTC,24,46,46.0000,46.0000,46
RUSTSEC-2024-0372,CVE-2024-7884,HIGH,ic-cdk,0.8.2,2024-08-16 20:33:25.271588 UTC,20,7,15.0000,87.4500,383
RUSTSEC-2024-0373,CVE-2024-45311,HIGH,quinn-proto,0.11.7,2024-09-02 08:58:07.921231 UTC,3,0,61.0000,137.6667,352
RUSTSEC-2024-0376,CVE-2024-47609,UNKNOWN,tonic,0.12.3,2024-09-26 17:09:14.101852 UTC,644,3,8.0000,61.2127,439
RUSTSEC-2024-0377,RUSTSEC-2024-0377,UNKNOWN,dbn,0.22.0,2024-10-01 22:05:18.599127 UTC,2,6,6.0000,6.0000,6
RUSTSEC-2024-0378,CVE-2024-9979,UNKNOWN,pyo3,0.22.4,2024-10-12 06:18:40.316970 UTC,141,0,138.0000,162.9149,421
RUSTSEC-2024-0391,RUSTSEC-2024-0391,UNKNOWN,paillier-zk,0.4.0,2024-07-18 08:07:35.296378 UTC,1,0,0.0000,0.0000,0
RUSTSEC-2024-0392,RUSTSEC-2024-0392,UNKNOWN,cggmp21-keygen,0.3.0,2024-07-18 08:11:25.067722 UTC,1,0,0.0000,0.0000,0
RUSTSEC-2024-0399,CVE-2024-11738,UNKNOWN,rustls,0.23.18,2024-11-22 18:30:43.748856 UTC,106,0,109.0000,137.0189,373
RUSTSEC-2024-0400,RUSTSEC-2024-0400,UNKNOWN,ruzstd,0.7.3,2024-11-28 10:18:25.148617 UTC,7,46,110.0000,134.7143,272
RUSTSEC-2024-0401,RUSTSEC-2024-0401,MEDIUM,zlib-rs,0.4.0,2024-11-14 11:21:13.529462 UTC,2,0,1.0000,1.0000,2
RUSTSEC-2024-0402,RUSTSEC-2024-0402,UNKNOWN,hashbrown,0.15.1,2024-11-04 18:38:59.965750 UTC,110,0,330.5000,268.2727,398
RUSTSEC-2024-0404,RUSTSEC-2024-0404,INFO,anstream,0.6.8,2024-01-16 21:45:02.870837 UTC,18,15,335.0000,307.7222,679
RUSTSEC-2024-0406,CVE-2024-4435,MEDIUM,ic-stable-structures,0.6.4,2024-04-22 10:59:43.896653 UTC,19,4,4.0000,108.1579,509
RUSTSEC-2024-0407,RUSTSEC-2024-0407,INFO,linkme,0.3.24,2024-03-06 05:07:42.615769 UTC,7,2,126.0000,129.0000,254
RUSTSEC-2024-0408,RUSTSEC-2024-0408,INFO,pprof,0.14.0,2024-11-08 06:28:56.250073 UTC,8,5,213.5000,188.2500,387
RUSTSEC-2024-0409,RUSTSEC-2024-0409,UNKNOWN,pyo3,0.23.3,2024-12-03 22:33:59.777016 UTC,114,1,156.0000,181.9561,368
RUSTSEC-2024-0421,CVE-2024-12224,UNKNOWN,idna,1.0.0,2024-06-10 12:50:44.400175 UTC,31,0,156.0000,150.8710,393
RUSTSEC-2024-0424,RUSTSEC-2024-0424,INFO,libafl,0.11.2,2023-12-21 11:58:36.871301 UTC,6,0,0.0000,48.3333,176
RUSTSEC-2024-0428,RUSTSEC-2024-0428,INFO,kvm-ioctls,0.19.1,2024-12-10 14:01:28.622439 UTC,3,65,77.0000,107.6667,181
RUSTSEC-2024-0429,RUSTSEC-2024-0429,INFO,glib,0.20.0,2024-07-10 15:12:25.745274 UTC,95,0,2.0000,40.3263,482
RUSTSEC-2024-0431,RUSTSEC-2024-0431,INFO,xous,0.9.51,2023-09-12 08:25:28.770336 UTC,5,0,0.0000,0.0000,0
RUSTSEC-2024-0433,RUSTSEC-2024-0433,UNKNOWN,age,0.6.1,2024-12-18 15:27:04.650999 UTC,3,0,4.0000,3.3333,6
RUSTSEC-2024-0434,CVE-2024-52813,INFO,matrix-sdk-crypto,0.8.0,2024-11-19 13:14:12.895800 UTC,3,0,0.0000,0.0000,0
RUSTSEC-2024-0437,CVE-2025-53605,UNKNOWN,protobuf,3.7.2,2025-03-10 14:07:03.378871 UTC,42,0,46.0000,78.8333,270
RUSTSEC-2024-0438,CVE-2024-51745,UNKNOWN,wasmtime,24.0.2,2024-11-05 19:21:06.752371 UTC,57,0,52.0000,92.7193,362
RUSTSEC-2024-0439,CVE-2024-47813,LOW,wasmtime,21.0.2,2024-10-09 17:43:18.837212 UTC,50,0,31.0000,80.9600,389
RUSTSEC-2024-0440,CVE-2024-47763,MEDIUM,wasmtime,21.0.2,2024-10-09 17:43:18.837212 UTC,47,0,27.0000,72.5319,389
RUSTSEC-2024-0441,CVE-2024-30266,LOW,wasmtime,19.0.1,2024-04-02 19:12:01.189672 UTC,25,0,22.0000,127.4800,579
RUSTSEC-2024-0442,RUSTSEC-2024-0442,INFO,wasmtime-jit-debug,24.0.0,2024-08-20 15:19:02.729666 UTC,1,0,0.0000,0.0000,0
RUSTSEC-2024-0443,RUSTSEC-2024-0443,INFO,webp,0.3.1,2025-08-29 13:50:38.559495 UTC,5,0,44.0000,40.4000,93
RUSTSEC-2024-0445,CVE-2024-51756,UNKNOWN,cap-primitives,3.4.1,2024-11-05 16:21:40.804571 UTC,5,0,0.0000,0.0000,0
RUSTSEC-2024-0447,CVE-2024-53856,HIGH,pgp,0.14.1,2024-12-05 11:01:48.817789 UTC,11,17,56.0000,113.6364,308
RUSTSEC-2025-0001,CVE-2025-22620,MEDIUM,gix-worktree-state,0.17.0,2025-01-18 15:55:09.037691 UTC,1,0,0.0000,0.0000,0
RUSTSEC-2025-0004,CVE-2025-24898,UNKNOWN,openssl,0.10.70,2025-02-02 18:04:54.089937 UTC,71,1,95.0000,112.9014,310
RUSTSEC-2025-0006,RUSTSEC-2025-0006,UNKNOWN,hickory-proto,0.24.3,2025-02-07 22:56:20.103124 UTC,23,0,44.0000,72.4783,285
RUSTSEC-2025-0008,RUSTSEC-2025-0008,UNKNOWN,openh264-sys2,0.8.0,2025-02-24 10:12:56.498884 UTC,1,0,0.0000,0.0000,0
RUSTSEC-2025-0009,CVE-2025-4432,UNKNOWN,ring,0.17.12,2025-03-06 00:53:52.281195 UTC,71,4,54.0000,70.2394,242
RUSTSEC-2025-0019,RUSTSEC-2025-0019,INFO,array-init-cursor,0.2.1,2025-03-29 14:58:24.285075 UTC,1,149,149.0000,149.0000,149
RUSTSEC-2025-0020,RUSTSEC-2025-0020,UNKNOWN,pyo3,0.24.1,2025-03-31 21:06:18.192069 UTC,262,0,87.0000,111.1298,251
RUSTSEC-2025-0021,CVE-2025-31130,MEDIUM,gix-features,0.41.0,2025-04-04 01:59:42.580212 UTC,19,0,0.0000,4.5789,79
RUSTSEC-2025-0022,RUSTSEC-2025-0022,UNKNOWN,openssl,0.10.72,2025-04-04 12:52:48.999808 UTC,61,0,49.0000,89.6066,249
RUSTSEC-2025-0023,RUSTSEC-2025-0023,INFO,tokio,1.38.2,2025-04-03 17:39:33.970097 UTC,1851,1,81.0000,97.4192,251
RUSTSEC-2025-0024,CVE-2025-4574,UNKNOWN,crossbeam-channel,0.5.15,2025-04-08 21:27:41.106342 UTC,114,0,59.5000,68.3509,242
RUSTSEC-2025-0027,RUSTSEC-2025-0027,INFO,mp3-metadata,0.4.0,2025-04-28 12:54:11.352743 UTC,1,16,16.0000,16.0000,16
RUSTSEC-2025-0037,CVE-2025-4366,UNKNOWN,pingora-core,0.5.0,2025-05-09 22:26:49.080730 UTC,5,0,0.0000,2.2000,11
RUSTSEC-2025-0041,CVE-2025-48937,MEDIUM,matrix-sdk-crypto,0.11.1,2025-06-10 10:41:32.108200 UTC,3,0,0.0000,0.0000,0
RUSTSEC-2025-0043,CVE-2025-53549,UNKNOWN,matrix-sdk-sqlite,0.13.0,2025-07-10 13:20:19.096156 UTC,1,0,0.0000,0.0000,0
RUSTSEC-2025-0045,RUSTSEC-2025-0045,INFO,static_cell,2.1.1,2025-06-22 20:37:49.363445 UTC,3,33,43.0000,76.0000,152
RUSTSEC-2025-0046,CVE-2025-53901,LOW,wasmtime,24.0.4,2025-07-18 17:48:18.543751 UTC,58,0,14.0000,43.7586,129
RUSTSEC-2025-0047,CVE-2025-55159,UNKNOWN,slab,0.4.11,2025-08-08 07:40:58.273018 UTC,11,10,37.0000,40.6364,108
RUSTSEC-2025-0051,RUSTSEC-2025-0051,INFO,xcb,1.6.0,2025-08-15 08:02:22.084565 UTC,4,13,41.0000,36.0000,49
RUSTSEC-2025-0055,CVE-2025-58160,UNKNOWN,tracing-subscriber,0.3.20,2025-08-29 19:10:29.115195 UTC,308,0,30.0000,38.0455,102
RUSTSEC-2025-0065,CVE-2025-59047,UNKNOWN,matrix-sdk-base,0.14.1,2025-09-10 09:13:52.219211 UTC,4,85,85.0000,85.0000,85
RUSTSEC-2025-0070,CVE-2025-8671,UNKNOWN,pingora-core,0.6.0,2025-08-15 20:41:40.216650 UTC,6,0,0.0000,30.3333,99
RUSTSEC-2025-0071,RUSTSEC-2025-0071,UNKNOWN,ammonia,3.3.1,2025-09-22 01:14:23.579729 UTC,5,0,22.0000,24.8000,61
RUSTSEC-2025-0073,CVE-2025-62370,HIGH,alloy-dyn-abi,0.8.26,2025-10-14 13:58:22.705972 UTC,5,0,16.0000,12.8000,16
RUSTSEC-2025-0106,RUSTSEC-2025-0106,INFO,orx-pinned-vec,3.21.0,2025-10-20 13:55:10.242760 UTC,13,0,0.0000,1.0000,13
RUSTSEC-2025-0110,CVE-2025-62518,HIGH,astral-tokio-tar,0.5.6,2025-10-21 14:26:42.426426 UTC,1,19,19.0000,19.0000,19
RUSTSEC-2025-0112,CVE-2025-62711,UNKNOWN,wasmtime,38.0.3,2025-10-24 21:38:27.552851 UTC,31,0,2.0000,12.3548,41
RUSTSEC-2025-0118,CVE-2025-64345,LOW,wasmtime,24.0.5,2025-11-11 18:18:26.740777 UTC,41,0,9.0000,7.6829,23
RUSTSEC-2025-0132,RUSTSEC-2025-0132,UNKNOWN,maxminddb,0.27.0,2025-11-28 18:53:52.358925 UTC,1,10,10.0000,10.0000,10
RUSTSEC-2025-0133,RUSTSEC-2025-0133,UNKNOWN,libcrux-intrinsics,0.0.4,2025-11-05 14:29:34.815532 UTC,4,0,0.0000,0.0000,0
RUSTSEC-2025-0135,CVE-2025-66622,UNKNOWN,matrix-sdk-base,0.16.0,2025-12-04 09:50:34.702845 UTC,4,0,0.0000,0.0000,0
RUSTSEC-2025-0136,CVE-2025-67897,MEDIUM,sequoia-openpgp,2.1.0,2025-11-10 12:05:34.158838 UTC,2,1,2.0000,2.0000,3
