rustsec_id,cve_id,severity,target_crate,fix_time,downstream_crates_with_history,affected_edges,locked_out_edges,break_rate_percent,affected_req_exact_pin,affected_req_has_upper_bound,affected_req_caret_0x,affected_req_other,unknown_req_unparseable
RUSTSEC-2016-0001,CVE-2016-10931,HIGH,openssl,2016-11-06 03:11:39.197825 UTC,76,76,68,89,0,0,63,13,0
RUSTSEC-2016-0002,CVE-2016-10932,MEDIUM,hyper,2016-05-09 22:32:27.496119 UTC,305,305,248,81,1,3,244,57,0
RUSTSEC-2017-0001,CVE-2017-1000168,MEDIUM,sodiumoxide,2017-01-26 20:21:04.734248 UTC,33,33,16,48,6,0,11,16,0
RUSTSEC-2017-0002,CVE-2017-18587,MEDIUM,hyper,2017-01-30 18:12:30.568041 UTC,602,601,99,16,3,5,538,55,0
RUSTSEC-2017-0003,CVE-2017-18588,MEDIUM,security-framework,2017-03-15 18:40:43.171170 UTC,9,9,0,0,0,0,8,1,0
RUSTSEC-2017-0004,CVE-2017-1000430,CRITICAL,base64,2017-05-03 06:14:14.791463 UTC,52,52,45,86,0,0,48,4,0
RUSTSEC-2017-0005,CVE-2017-18589,HIGH,cookie,2017-05-07 22:23:10.744907 UTC,24,7,0,0,0,0,6,1,0
RUSTSEC-2017-0006,RUSTSEC-2017-0006,UNKNOWN,rmpv,2019-10-09 20:05:12.752510 UTC,8,8,1,12,0,0,8,0,0
RUSTSEC-2018-0001,CVE-2018-20989,HIGH,untrusted,2018-06-21 19:53:57.960052 UTC,43,43,34,79,0,0,43,0,0
RUSTSEC-2018-0002,CVE-2018-20990,HIGH,tar,2018-06-29 19:40:58.522481 UTC,52,52,2,3,0,0,48,4,0
RUSTSEC-2018-0003,CVE-2018-20991,CRITICAL,smallvec,2018-07-20 17:21:49.659687 UTC,92,80,0,0,0,0,77,3,0
RUSTSEC-2018-0004,CVE-2018-20992,MEDIUM,claxon,2018-08-25 11:23:39.423370 UTC,2,2,0,0,0,0,2,0,0
RUSTSEC-2018-0005,RUSTSEC-2018-0005,UNKNOWN,serde_yaml,2018-09-15 20:15:48.566012 UTC,105,100,94,94,0,0,94,6,0
RUSTSEC-2018-0006,CVE-2018-20993,HIGH,yaml-rust,2018-09-15 19:32:57.874768 UTC,76,76,50,65,0,0,70,6,0
RUSTSEC-2018-0007,CVE-2018-20994,HIGH,trust-dns-proto,2018-10-10 14:05:35.228173 UTC,14,14,12,85,0,0,14,0,0
RUSTSEC-2018-0008,CVE-2018-20995,CRITICAL,slice-deque,2018-12-05 12:13:22.084259 UTC,5,5,0,0,0,0,5,0,0
RUSTSEC-2018-0009,CVE-2018-20996,CRITICAL,crossbeam,2018-07-25 15:45:02.251992 UTC,111,2,0,0,0,0,0,2,0
RUSTSEC-2018-0010,CVE-2018-20997,CRITICAL,openssl,2018-06-02 03:59:46.478806 UTC,168,51,0,0,0,0,39,12,0
RUSTSEC-2018-0011,CVE-2018-20998,CRITICAL,arrayfire,2018-09-27 13:19:00.010614 UTC,4,0,0,0,0,0,0,0,0
RUSTSEC-2018-0012,CVE-2018-20999,HIGH,orion,2018-12-22 21:19:14.102065 UTC,0,0,0,0,0,0,0,0,0
RUSTSEC-2018-0013,CVE-2018-21000,CRITICAL,safe-transmute,2018-11-27 16:58:49.024775 UTC,2,1,1,100,0,0,1,0,0
RUSTSEC-2018-0018,CVE-2018-25023,INFO,smallvec,2019-11-05 16:37:21.384525 UTC,288,286,34,11,0,0,281,5,0
RUSTSEC-2018-0019,CVE-2018-25024,UNKNOWN,actix-web,2018-12-05 15:35:10.990617 UTC,48,48,13,27,2,1,43,2,0
RUSTSEC-2018-0020,CVE-2018-25001,MEDIUM,libpulse-binding,2018-12-22 17:28:30.609040 UTC,2,2,0,0,0,0,0,2,0
RUSTSEC-2018-0021,CVE-2018-25027,UNKNOWN,libpulse-binding,2018-06-15 16:16:38.952973 UTC,2,2,0,0,0,0,0,2,0
RUSTSEC-2018-0022,RUSTSEC-2018-0022,UNKNOWN,temporary,2022-02-20 10:56:31.296891 UTC,1,1,0,0,0,0,0,1,0
RUSTSEC-2019-0001,CVE-2019-15542,HIGH,ammonia,2019-04-27 18:38:04.596123 UTC,8,8,5,62,0,0,1,7,0
RUSTSEC-2019-0002,CVE-2019-15543,CRITICAL,slice-deque,2019-05-07 13:20:53.500437 UTC,7,7,7,100,0,0,7,0,0
RUSTSEC-2019-0003,CVE-2019-15544,HIGH,protobuf,2019-05-19 22:22:00.719361 UTC,133,130,13,10,2,3,0,125,0
RUSTSEC-2019-0004,CVE-2019-15545,HIGH,libp2p-core,2019-05-15 17:14:14.281326 UTC,18,18,0,0,0,0,18,0,0
RUSTSEC-2019-0007,CVE-2019-15549,HIGH,asn1_der,2019-06-13 15:26:10.968851 UTC,4,4,0,0,0,0,4,0,0
RUSTSEC-2019-0008,CVE-2019-15550,HIGH,simd-json,2019-06-24 10:50:48.396368 UTC,0,0,0,0,0,0,0,0,0
RUSTSEC-2019-0009,CVE-2019-15551,CRITICAL,smallvec,2019-06-10 15:43:53.004277 UTC,211,177,0,0,0,0,171,6,0
RUSTSEC-2019-0010,CVE-2019-15552,CRITICAL,libflate,2019-07-02 11:51:51.043470 UTC,53,52,0,0,0,0,51,1,0
RUSTSEC-2019-0011,CVE-2019-15553,HIGH,memoffset,2019-07-14 17:55:52.278369 UTC,7,7,7,100,0,0,7,0,0
RUSTSEC-2019-0012,CVE-2019-15554,CRITICAL,smallvec,2019-06-10 15:43:53.004277 UTC,211,177,0,0,0,0,171,6,0
RUSTSEC-2019-0013,CVE-2019-16137,HIGH,spin,2019-08-27 18:37:09.141510 UTC,52,52,30,57,0,2,49,1,0
RUSTSEC-2019-0014,CVE-2019-16138,CRITICAL,image,2019-08-21 23:40:04.279947 UTC,341,296,184,62,2,3,273,18,0
RUSTSEC-2019-0015,CVE-2019-16139,CRITICAL,compact_arena,2019-07-14 13:05:25.723720 UTC,0,0,0,0,0,0,0,0,0
RUSTSEC-2019-0016,CVE-2019-16140,CRITICAL,chttp,2018-02-02 05:46:40.160853 UTC,0,0,0,0,0,0,0,0,0
RUSTSEC-2019-0017,CVE-2019-16141,HIGH,once_cell,2019-09-01 19:32:32.364001 UTC,34,21,21,100,0,0,20,1,0
RUSTSEC-2019-0018,CVE-2019-16142,CRITICAL,renderdoc,2019-05-18 17:48:02.976838 UTC,0,0,0,0,0,0,0,0,0
RUSTSEC-2019-0019,CVE-2019-16143,CRITICAL,blake2,2019-08-25 22:36:55.725369 UTC,66,66,31,46,0,0,63,3,0
RUSTSEC-2019-0020,CVE-2019-16144,HIGH,generator,2019-09-06 03:28:51.334112 UTC,2,2,0,0,0,0,2,0,0
RUSTSEC-2019-0021,CVE-2019-16880,CRITICAL,linea,2018-08-29 22:39:49.507445 UTC,0,0,0,0,0,0,0,0,0
RUSTSEC-2019-0022,CVE-2019-16881,CRITICAL,portaudio-rs,2019-06-11 12:53:11.206903 UTC,0,0,0,0,0,0,0,0,0
RUSTSEC-2019-0023,CVE-2019-16882,HIGH,string-interner,2019-09-03 23:46:36.643127 UTC,7,7,0,0,0,0,7,0,0
RUSTSEC-2019-0024,RUSTSEC-2019-0024,UNKNOWN,rustsec-example-crate,2019-10-09 00:57:04.680011 UTC,0,0,0,0,0,0,0,0,0
RUSTSEC-2019-0025,CVE-2019-25001,HIGH,serde_cbor,2019-10-03 18:27:12.522080 UTC,66,66,42,63,0,0,64,2,0
RUSTSEC-2019-0026,CVE-2019-25002,CRITICAL,sodiumoxide,2019-10-12 10:38:53.324953 UTC,74,74,44,59,6,0,51,17,0
RUSTSEC-2019-0027,CVE-2019-25003,HIGH,libsecp256k1,2019-10-03 21:24:34.245602 UTC,18,18,18,100,0,0,18,0,0
RUSTSEC-2019-0028,CVE-2019-25004,CRITICAL,flatbuffers,2020-01-30 21:59:18.423774 UTC,10,10,3,30,0,0,10,0,0
RUSTSEC-2019-0029,CVE-2019-25005,HIGH,chacha20,2019-10-23 16:31:38.288729 UTC,2,2,0,0,0,0,2,0,0
RUSTSEC-2019-0030,CVE-2019-25006,UNKNOWN,streebog,2019-11-06 11:51:25.801883 UTC,1,1,1,100,0,0,1,0,0
RUSTSEC-2019-0033,CVE-2019-25008,HIGH,http,2019-11-26 18:27:09.067986 UTC,324,324,0,0,0,5,309,10,0
RUSTSEC-2019-0034,CVE-2019-25009,CRITICAL,http,2019-11-26 18:27:09.067986 UTC,324,324,0,0,0,5,309,10,0
RUSTSEC-2019-0035,CVE-2020-25576,CRITICAL,rand_core,2019-01-25 10:13:38.412651 UTC,30,30,6,20,1,4,25,0,0
RUSTSEC-2019-0037,CVE-2019-25054,MEDIUM,pnet,2020-11-27 19:27:55.705558 UTC,36,36,36,100,0,1,35,0,0
RUSTSEC-2019-0038,CVE-2019-25055,INFO,libpulse-binding,2019-03-11 19:11:29.155302 UTC,2,2,0,0,0,0,0,2,0
RUSTSEC-2020-0001,CVE-2020-35857,HIGH,trust-dns-server,2020-01-05 01:16:41.532163 UTC,3,2,1,50,0,0,2,0,0
RUSTSEC-2020-0002,CVE-2020-35858,CRITICAL,prost,2020-01-16 17:46:35.536706 UTC,72,72,64,88,0,0,71,1,0
RUSTSEC-2020-0004,CVE-2020-35859,CRITICAL,lucet-runtime-internals,2020-01-24 19:57:57.176261 UTC,5,5,3,60,3,0,2,0,0
RUSTSEC-2020-0006,CVE-2020-35861,HIGH,bumpalo,2020-03-24 21:12:40.961820 UTC,5,3,0,0,0,0,0,3,0
RUSTSEC-2020-0007,CVE-2020-35862,CRITICAL,bitvec,2020-03-27 21:38:50.726562 UTC,42,33,23,69,0,0,33,0,0
RUSTSEC-2020-0008,CVE-2020-35863,CRITICAL,hyper,2019-09-04 21:46:58.773153 UTC,1538,659,319,48,0,3,599,57,0
RUSTSEC-2020-0009,CVE-2020-35864,HIGH,flatbuffers,2021-05-19 20:27:39.088855 UTC,17,17,17,100,0,0,17,0,0
RUSTSEC-2020-0012,CVE-2020-35865,HIGH,os_str_bytes,2020-04-18 20:38:14.303117 UTC,3,3,3,100,0,0,1,2,0
RUSTSEC-2020-0014,CVE-2020-35866,UNKNOWN,rusqlite,2020-04-23 16:48:28.015884 UTC,150,150,146,97,0,0,143,7,0
RUSTSEC-2020-0017,CVE-2020-35874,HIGH,internment,2020-07-17 21:01:33.809778 UTC,1,1,1,100,0,0,1,0,0
RUSTSEC-2020-0019,CVE-2020-35875,HIGH,tokio-rustls,2020-05-19 04:12:58.025612 UTC,69,49,1,2,0,0,49,0,0
RUSTSEC-2020-0024,CVE-2020-15093,HIGH,tough,2020-07-09 18:21:21.663578 UTC,2,2,1,50,0,0,2,0,0
RUSTSEC-2020-0026,CVE-2020-25573,CRITICAL,linked-hash-map,2020-05-06 17:17:17.671380 UTC,114,114,18,15,0,2,106,6,0
RUSTSEC-2020-0028,CVE-2020-35882,HIGH,rocket,2020-05-30 21:53:30.401869 UTC,149,116,0,0,0,1,115,0,0
RUSTSEC-2020-0029,CVE-2020-25016,CRITICAL,rgb,2020-07-06 17:47:55.089873 UTC,41,41,2,4,0,0,41,0,0
RUSTSEC-2020-0030,CVE-2020-35883,CRITICAL,mozwire,2020-08-17 19:41:08.536940 UTC,0,0,0,0,0,0,0,0,0
RUSTSEC-2020-0031,CVE-2020-35884,MEDIUM,tiny_http,2021-04-16 07:06:15.311698 UTC,47,43,25,58,2,0,36,5,0
RUSTSEC-2020-0039,CVE-2020-35892,UNKNOWN,simple-slab,2020-09-05 15:18:01.322277 UTC,2,2,2,100,0,0,2,0,0
RUSTSEC-2020-0040,CVE-2020-35894,HIGH,obstack,2020-09-04 19:25:10.566584 UTC,0,0,0,0,0,0,0,0,0
RUSTSEC-2020-0041,CVE-2020-25791,HIGH,sized-chunks,2021-02-14 10:36:18.685590 UTC,2,2,0,0,0,0,2,0,0
RUSTSEC-2020-0042,CVE-2020-35895,CRITICAL,stack,2020-09-24 17:28:36.042834 UTC,0,0,0,0,0,0,0,0,0
RUSTSEC-2020-0044,CVE-2020-35897,MEDIUM,atom,2020-10-06 08:15:43.461819 UTC,8,8,0,0,0,0,8,0,0
RUSTSEC-2020-0045,CVE-2020-35898,CRITICAL,actix-utils,2020-08-24 08:28:21.066483 UTC,17,17,17,100,0,0,4,13,0
RUSTSEC-2020-0046,CVE-2020-35899,MEDIUM,actix-service,2020-08-09 15:22:04.000044 UTC,57,57,19,33,0,0,19,38,0
RUSTSEC-2020-0048,CVE-2020-35901,HIGH,actix-http,2020-02-27 05:55:00.649604 UTC,45,45,45,100,0,0,26,19,0
RUSTSEC-2020-0049,CVE-2020-35902,CRITICAL,actix-codec,2020-08-19 10:07:49.259703 UTC,23,23,23,100,0,0,23,0,0
RUSTSEC-2020-0050,CVE-2020-35903,MEDIUM,dync,2020-10-13 05:36:30.106980 UTC,1,1,1,100,0,0,1,0,0
RUSTSEC-2020-0052,CVE-2020-15254,UNKNOWN,crossbeam-channel,2020-09-06 11:32:45.793590 UTC,399,229,0,0,0,1,220,8,0
RUSTSEC-2020-0059,CVE-2020-35905,MEDIUM,futures-util,2020-10-23 18:04:48.706192 UTC,380,376,7,1,2,1,369,4,0
RUSTSEC-2020-0060,CVE-2020-35906,HIGH,futures-task,2020-10-05 18:41:41.056220 UTC,16,16,0,0,0,0,16,0,0
RUSTSEC-2020-0061,CVE-2020-35907,MEDIUM,futures-task,2020-05-08 23:14:39.892837 UTC,13,13,0,0,0,0,13,0,0
RUSTSEC-2020-0062,CVE-2020-35908,MEDIUM,futures-util,2020-02-04 00:18:58.967225 UTC,123,119,6,5,1,1,117,0,0
RUSTSEC-2020-0068,CVE-2020-35909,HIGH,multihash,2020-08-21 09:06:45.151477 UTC,29,29,20,68,11,0,16,2,0
RUSTSEC-2020-0069,CVE-2020-28247,MEDIUM,lettre,2020-11-11 16:52:22.637454 UTC,19,17,0,0,0,0,16,1,0
RUSTSEC-2020-0070,CVE-2020-35910,INFO,lock_api,2020-11-18 02:04:05.657630 UTC,35,35,22,62,1,0,34,0,0
RUSTSEC-2020-0071,CVE-2020-26235,MEDIUM,time,2020-11-17 22:15:18.302912 UTC,1125,1125,917,81,2,3,1011,109,0
RUSTSEC-2020-0072,CVE-2020-35915,MEDIUM,futures-intrusive,2020-11-20 06:21:45.152345 UTC,15,15,15,100,0,1,14,0,0
RUSTSEC-2020-0073,CVE-2020-35916,MEDIUM,image,2020-11-18 21:04:16.204386 UTC,601,601,369,61,6,4,567,24,0
RUSTSEC-2020-0074,CVE-2020-35917,MEDIUM,pyo3,2020-11-28 20:08:11.363394 UTC,77,25,7,28,1,2,20,2,0
RUSTSEC-2020-0075,CVE-2020-35918,MEDIUM,branca,2020-11-29 13:50:33.933455 UTC,1,1,1,100,0,0,1,0,0
RUSTSEC-2020-0078,CVE-2020-35919,MEDIUM,net2,2020-11-27 20:11:23.778416 UTC,129,129,3,2,3,2,113,11,0
RUSTSEC-2020-0079,CVE-2020-35919,MEDIUM,socket2,2020-11-11 12:48:58.443722 UTC,65,65,3,4,1,0,63,1,0
RUSTSEC-2020-0080,CVE-2020-35921,MEDIUM,miow,2020-11-27 22:40:22.201982 UTC,17,16,3,18,0,1,13,2,0
RUSTSEC-2020-0081,CVE-2020-35922,MEDIUM,mio,2020-11-16 14:39:21.860126 UTC,332,42,0,0,0,0,37,5,0
RUSTSEC-2020-0082,CVE-2020-35923,MEDIUM,ordered-float,2020-12-06 19:45:45.742231 UTC,139,137,33,24,2,4,27,104,0
RUSTSEC-2020-0087,CVE-2020-35924,MEDIUM,try-mutex,2020-11-16 19:53:19.750978 UTC,2,2,2,100,0,0,2,0,0
RUSTSEC-2020-0088,CVE-2020-35925,MEDIUM,magnetic,2020-12-02 03:15:23.899056 UTC,0,0,0,0,0,0,0,0,0
RUSTSEC-2020-0089,CVE-2020-35926,MEDIUM,nanorand,2020-12-07 12:43:47.857595 UTC,4,4,3,75,0,0,4,0,0
RUSTSEC-2020-0091,CVE-2020-35711,HIGH,arc-swap,2020-12-11 17:56:52.042241 UTC,50,44,1,2,0,0,33,11,0
RUSTSEC-2020-0092,CVE-2020-35928,MEDIUM,concread,2020-11-17 03:05:02.745120 UTC,1,1,1,100,0,0,1,0,0
RUSTSEC-2020-0093,CVE-2020-26281,UNKNOWN,async-h1,2020-12-18 00:58:27.800247 UTC,13,13,2,15,0,0,0,13,0
RUSTSEC-2020-0094,CVE-2020-36203,MEDIUM,reffers,2021-08-21 05:40:10.143448 UTC,0,0,0,0,0,0,0,0,0
RUSTSEC-2020-0096,CVE-2020-36204,MEDIUM,im,2022-04-29 14:12:56.603719 UTC,79,77,27,35,4,0,0,73,0
RUSTSEC-2020-0098,CVE-2020-36206,HIGH,rusb,2021-01-15 11:21:20.709219 UTC,21,21,21,100,0,0,21,0,0
RUSTSEC-2020-0100,CVE-2020-36434,CRITICAL,sys-info,2021-01-25 05:57:02.469911 UTC,43,43,42,97,1,1,40,1,0
RUSTSEC-2020-0101,CVE-2020-36208,HIGH,conquer-once,2021-01-04 14:12:12.400613 UTC,2,2,1,50,0,0,1,1,0
RUSTSEC-2020-0102,CVE-2020-36209,HIGH,late-static,2020-11-12 17:58:49.647 UTC,1,1,1,100,0,0,1,0,0
RUSTSEC-2020-0103,CVE-2020-36210,HIGH,autorand,2021-01-20 03:55:25.912607 UTC,0,0,0,0,0,0,0,0,0
RUSTSEC-2020-0104,CVE-2020-36211,HIGH,gfwx,2020-01-21 22:39:11.185318 UTC,0,0,0,0,0,0,0,0,0
RUSTSEC-2020-0105,CVE-2020-36212,HIGH,abi_stable,2020-12-22 02:16:41.919500 UTC,1,1,0,0,0,0,1,0,0
RUSTSEC-2020-0106,CVE-2020-36214,MEDIUM,multiqueue2,2020-12-20 07:24:52.827025 UTC,1,1,0,0,0,0,1,0,0
RUSTSEC-2020-0107,CVE-2020-36215,HIGH,hashconsing,2020-11-17 14:16:22.519417 UTC,1,1,0,0,0,0,0,1,0
RUSTSEC-2020-0108,CVE-2020-36216,MEDIUM,eventio,2021-01-20 00:53:26.387249 UTC,0,0,0,0,0,0,0,0,0
RUSTSEC-2020-0111,CVE-2020-36217,MEDIUM,may_queue,2021-04-01 09:53:57.979820 UTC,1,1,0,0,0,0,1,0,0
RUSTSEC-2020-0112,CVE-2020-36218,MEDIUM,buttplug,2021-01-02 22:58:15.120279 UTC,3,3,2,66,0,0,2,1,0
RUSTSEC-2020-0114,CVE-2020-36220,MEDIUM,va-ts,2021-01-21 19:08:33.350810 UTC,0,0,0,0,0,0,0,0,0
RUSTSEC-2020-0115,CVE-2020-36435,HIGH,ruspiro-singleton,2020-11-16 22:32:50.408736 UTC,7,7,6,85,0,0,7,0,0
RUSTSEC-2020-0116,CVE-2020-36436,HIGH,unicycle,2021-01-24 06:58:48.995690 UTC,0,0,0,0,0,0,0,0,0
RUSTSEC-2020-0117,CVE-2020-36437,HIGH,conqueue,2021-01-24 20:33:32.307907 UTC,0,0,0,0,0,0,0,0,0
RUSTSEC-2020-0118,CVE-2020-36438,HIGH,tiny_future,2020-12-08 16:52:54.134919 UTC,1,1,1,100,0,0,1,0,0
RUSTSEC-2020-0119,CVE-2020-36439,HIGH,ticketed_lock,2021-01-25 00:08:49.440725 UTC,2,2,2,100,0,0,2,0,0
RUSTSEC-2020-0120,CVE-2020-36440,HIGH,libsbc,2021-01-25 02:13:26.340299 UTC,0,0,0,0,0,0,0,0,0
RUSTSEC-2020-0121,CVE-2020-36441,HIGH,abox,2021-01-25 13:20:28.714428 UTC,1,1,0,0,0,0,1,0,0
RUSTSEC-2020-0122,CVE-2020-36442,HIGH,beef,2021-01-26 21:17:10.399333 UTC,12,12,12,100,0,0,12,0,0
RUSTSEC-2020-0123,CVE-2020-36443,CRITICAL,libp2p-deflate,2021-01-27 12:30:45.219063 UTC,1,1,0,0,0,0,1,0,0
RUSTSEC-2020-0127,CVE-2020-36447,HIGH,v9,2021-03-01 23:57:01.929092 UTC,0,0,0,0,0,0,0,0,0
RUSTSEC-2020-0129,CVE-2020-36449,HIGH,kekbit,2021-05-10 07:19:27.070195 UTC,0,0,0,0,0,0,0,0,0
RUSTSEC-2020-0132,CVE-2020-36452,CRITICAL,array-tools,2021-02-22 13:02:09.299230 UTC,0,0,0,0,0,0,0,0,0
RUSTSEC-2020-0135,CVE-2020-36455,HIGH,slock,2022-11-27 06:15:42.001267 UTC,0,0,0,0,0,0,0,0,0
RUSTSEC-2020-0137,CVE-2020-36457,HIGH,lever,2021-02-01 11:02:01.343246 UTC,4,4,0,0,0,0,4,0,0
RUSTSEC-2020-0142,CVE-2020-36462,HIGH,syncpool,2021-02-02 16:16:01.308740 UTC,1,1,0,0,0,0,1,0,0
RUSTSEC-2020-0145,CVE-2020-36464,HIGH,heapless,2021-03-02 14:52:46.667261 UTC,103,103,93,90,1,0,102,0,0
RUSTSEC-2020-0146,CVE-2020-36465,HIGH,generic-array,2021-03-02 13:08:18.590471 UTC,271,153,0,0,0,2,146,5,0
RUSTSEC-2020-0151,CVE-2020-36471,MEDIUM,generator,2021-03-30 08:20:02.459302 UTC,5,5,5,100,0,0,4,1,0
RUSTSEC-2020-0152,CVE-2020-36472,MEDIUM,max7301,2021-03-30 21:42:33.138172 UTC,0,0,0,0,0,0,0,0,0
RUSTSEC-2020-0157,CVE-2020-13759,HIGH,vm-memory,2020-05-28 14:58:29.869111 UTC,1,1,0,0,0,0,0,1,0
RUSTSEC-2020-0159,RUSTSEC-2020-0159,UNKNOWN,chrono,2022-08-04 14:44:48.644811 UTC,5764,5764,187,3,15,24,5561,164,0
RUSTSEC-2020-0160,RUSTSEC-2020-0160,UNKNOWN,shamir,2020-01-21 08:26:44.489879 UTC,0,0,0,0,0,0,0,0,0
RUSTSEC-2020-0161,RUSTSEC-2020-0161,INFO,array-macro,2020-05-07 16:36:02.267728 UTC,5,5,0,0,0,0,0,5,0
RUSTSEC-2020-0164,RUSTSEC-2020-0164,INFO,cell-project,2022-08-08 15:49:47.340064 UTC,0,0,0,0,0,0,0,0,0
RUSTSEC-2020-0165,RUSTSEC-2020-0165,INFO,mozjpeg,2020-07-06 18:08:27.388033 UTC,2,2,0,0,0,0,2,0,0
RUSTSEC-2020-0166,RUSTSEC-2020-0166,INFO,personnummer,2021-11-01 17:47:11.138694 UTC,0,0,0,0,0,0,0,0,0
RUSTSEC-2020-0167,RUSTSEC-2020-0167,MEDIUM,pnet_packet,2020-11-27 19:25:59.709932 UTC,10,10,8,80,0,2,8,0,0
RUSTSEC-2021-0001,CVE-2020-26297,MEDIUM,mdbook,2021-01-04 15:06:58.768011 UTC,38,38,22,57,1,1,35,1,0
RUSTSEC-2021-0003,CVE-2021-25900,CRITICAL,smallvec,2021-01-08 17:33:49.972521 UTC,542,508,3,0,2,18,136,352,0
RUSTSEC-2021-0004,CVE-2021-25901,MEDIUM,lazy-init,2020-08-22 18:01:34.117396 UTC,6,6,6,100,0,0,6,0,0
RUSTSEC-2021-0005,CVE-2021-25902,HIGH,glsl-layout,2021-01-11 08:49:40.501436 UTC,12,12,12,100,0,0,12,0,0
RUSTSEC-2021-0007,CVE-2021-25904,HIGH,av-data,2021-01-18 21:48:15.444944 UTC,5,5,5,100,0,0,5,0,0
RUSTSEC-2021-0008,CVE-2021-25905,CRITICAL,bra,2021-01-03 15:05:45.188156 UTC,0,0,0,0,0,0,0,0,0
RUSTSEC-2021-0009,CVE-2021-25906,HIGH,basic_dsp_matrix,2021-01-11 08:35:42.482377 UTC,1,1,0,0,0,0,1,0,0
RUSTSEC-2021-0010,CVE-2021-25907,CRITICAL,containers,2021-01-12 19:08:33.095216 UTC,6,6,2,33,0,1,5,0,0
RUSTSEC-2021-0012,CVE-2021-26305,CRITICAL,cdr,2021-01-24 08:28:30.722093 UTC,0,0,0,0,0,0,0,0,0
RUSTSEC-2021-0013,CVE-2021-26306,UNKNOWN,raw-cpuid,2021-01-21 18:42:56.546842 UTC,25,25,25,100,0,0,0,25,0
RUSTSEC-2021-0014,CVE-2021-26308,HIGH,marc,2021-01-27 10:20:23.921770 UTC,0,0,0,0,0,0,0,0,0
RUSTSEC-2021-0015,CVE-2021-26951,CRITICAL,calamine,2021-02-03 13:43:03.115633 UTC,16,16,16,100,0,0,16,0,0
RUSTSEC-2021-0016,CVE-2021-26952,HIGH,ms3d,2021-01-29 20:23:11.465228 UTC,0,0,0,0,0,0,0,0,0
RUSTSEC-2021-0017,CVE-2021-26953,HIGH,postscript,2021-01-31 10:03:32.404436 UTC,3,3,3,100,0,0,3,0,0
RUSTSEC-2021-0018,CVE-2021-26954,MEDIUM,qwutils,2021-02-04 13:12:42.922589 UTC,2,2,1,50,0,0,2,0,0
RUSTSEC-2021-0020,CVE-2021-21299,HIGH,hyper,2021-02-18 03:02:44.417073 UTC,2020,721,2,0,2,5,660,54,0
RUSTSEC-2021-0021,CVE-2021-27376,CRITICAL,nb-connect,2021-02-14 10:55:15.368972 UTC,2,2,0,0,0,0,0,2,0
RUSTSEC-2021-0022,CVE-2021-27377,CRITICAL,yottadb,2021-02-15 00:10:43.542422 UTC,0,0,0,0,0,0,0,0,0
RUSTSEC-2021-0023,CVE-2021-27378,CRITICAL,rand_core,2021-02-14 09:26:07.419245 UTC,213,34,0,0,0,1,33,0,0
RUSTSEC-2021-0026,CVE-2021-27671,MEDIUM,comrak,2021-02-12 11:17:51.998904 UTC,35,35,32,91,0,2,33,0,0
RUSTSEC-2021-0027,CVE-2021-28027,CRITICAL,bam,2021-02-17 02:46:06.067363 UTC,1,1,0,0,0,0,1,0,0
RUSTSEC-2021-0028,CVE-2021-28028,UNKNOWN,toodee,2021-02-20 03:39:45.130291 UTC,1,1,1,100,0,0,1,0,0
RUSTSEC-2021-0029,CVE-2021-28030,HIGH,truetype,2021-02-18 08:04:54.720143 UTC,2,2,0,0,0,0,2,0,0
RUSTSEC-2021-0030,CVE-2021-28031,CRITICAL,scratchpad,2021-02-19 10:05:16.077633 UTC,0,0,0,0,0,0,0,0,0
RUSTSEC-2021-0031,CVE-2021-28032,CRITICAL,nano_arena,2021-03-02 12:33:18.968278 UTC,1,1,0,0,0,0,1,0,0
RUSTSEC-2021-0032,CVE-2021-28033,CRITICAL,byte_struct,2021-03-02 00:39:10.531089 UTC,0,0,0,0,0,0,0,0,0
RUSTSEC-2021-0033,CVE-2021-28034,CRITICAL,stack_dst,2021-03-03 11:28:54.045125 UTC,2,2,0,0,0,2,0,0,0
RUSTSEC-2021-0035,CVE-2021-28036,HIGH,quinn,2021-03-04 10:03:56.497112 UTC,9,9,1,11,0,0,2,7,0
RUSTSEC-2021-0036,CVE-2021-28037,CRITICAL,internment,2021-03-04 13:38:05.750145 UTC,1,1,1,100,0,0,1,0,0
RUSTSEC-2021-0037,CVE-2021-28305,CRITICAL,diesel,2021-03-05 11:10:08.761869 UTC,199,199,16,8,0,4,14,181,0
RUSTSEC-2021-0038,CVE-2021-28306,UNKNOWN,fltk,2021-02-23 22:23:23.904605 UTC,5,5,2,40,0,0,5,0,0
RUSTSEC-2021-0043,CVE-2021-29934,HIGH,uu_od,2021-03-07 11:01:37.213243 UTC,1,1,1,100,0,0,1,0,0
RUSTSEC-2021-0044,CVE-2021-29935,HIGH,rocket,2021-02-10 01:54:07.266631 UTC,184,184,33,17,1,1,180,2,0
RUSTSEC-2021-0048,CVE-2021-29939,HIGH,stackvector,2021-04-13 02:43:53.692256 UTC,1,1,0,0,0,0,0,1,0
RUSTSEC-2021-0050,CVE-2021-29941,HIGH,reorder,2021-04-05 13:29:10.349567 UTC,1,1,0,0,0,0,0,1,0
RUSTSEC-2021-0051,CVE-2021-30454,CRITICAL,outer_cgi,2021-03-30 16:44:26.857268 UTC,0,0,0,0,0,0,0,0,0
RUSTSEC-2021-0054,CVE-2021-31919,HIGH,rkyv,2021-04-29 02:07:52.670319 UTC,4,4,4,100,0,0,4,0,0
RUSTSEC-2021-0063,CVE-2021-38186,UNKNOWN,comrak,2021-05-04 06:53:03.775549 UTC,40,40,36,90,0,1,39,0,0
RUSTSEC-2021-0066,RUSTSEC-2021-0066,UNKNOWN,evm-core,2021-05-11 21:00:28.006930 UTC,3,3,0,0,0,0,3,0,0
RUSTSEC-2021-0067,CVE-2021-32629,HIGH,cranelift-codegen,2021-05-21 21:39:10.260146 UTC,44,28,28,100,0,0,28,0,0
RUSTSEC-2021-0068,CVE-2021-38188,UNKNOWN,iced-x86,2021-02-06 11:41:40.222766 UTC,4,4,0,0,0,0,0,4,0
RUSTSEC-2021-0069,CVE-2021-38189,UNKNOWN,lettre,2021-05-22 18:04:21.328679 UTC,23,21,1,4,0,0,20,1,0
RUSTSEC-2021-0070,CVE-2021-38190,UNKNOWN,nalgebra,2021-06-04 09:09:31.217401 UTC,349,321,287,89,2,6,298,15,0
RUSTSEC-2021-0071,CVE-2021-3013,CRITICAL,grep-cli,2021-06-12 12:01:53.980792 UTC,8,8,0,0,0,1,7,0,0
RUSTSEC-2021-0072,CVE-2021-38191,UNKNOWN,tokio,2021-07-06 20:42:03.780515 UTC,3666,2059,121,5,11,11,88,1949,0
RUSTSEC-2021-0073,CVE-2021-38192,UNKNOWN,prost-types,2021-07-08 14:34:29.109682 UTC,105,105,105,100,1,1,102,1,0
RUSTSEC-2021-0074,CVE-2021-38193,UNKNOWN,ammonia,2021-07-08 19:37:14.523902 UTC,14,10,4,40,0,0,1,9,0
RUSTSEC-2021-0075,CVE-2021-38194,UNKNOWN,ark-r1cs-std,2021-07-07 07:22:57.967600 UTC,21,21,0,0,0,0,21,0,0
RUSTSEC-2021-0076,CVE-2021-38195,UNKNOWN,libsecp256k1,2021-05-18 21:52:38.919309 UTC,60,60,60,100,0,0,60,0,0
RUSTSEC-2021-0078,CVE-2021-32715,MEDIUM,hyper,2021-07-07 18:34:07.364319 UTC,2237,2237,1315,58,6,13,2125,93,0
RUSTSEC-2021-0079,CVE-2021-32714,CRITICAL,hyper,2021-07-07 18:34:07.364319 UTC,2237,2237,1316,58,6,13,2125,93,0
RUSTSEC-2021-0080,CVE-2021-38511,HIGH,tar,2021-08-10 14:42:42.586781 UTC,271,271,2,0,0,0,265,6,0
RUSTSEC-2021-0081,CVE-2021-38512,HIGH,actix-http,2021-08-09 09:04:53.844253 UTC,84,84,46,54,2,0,20,62,0
RUSTSEC-2021-0083,CVE-2021-45681,UNKNOWN,derive-com-impl,2023-07-25 21:13:01.624366 UTC,3,3,3,100,0,0,3,0,0
RUSTSEC-2021-0086,CVE-2021-45684,INFO,flumedb,2022-01-13 21:17:47.913909 UTC,1,1,0,0,0,0,1,0,0
RUSTSEC-2021-0087,CVE-2021-45685,INFO,columnar,2024-11-24 17:47:41.859677 UTC,2,2,0,0,0,0,0,2,0
RUSTSEC-2021-0088,CVE-2021-45686,INFO,csv-sniffer,2022-03-19 17:30:55.319200 UTC,1,1,1,100,0,0,1,0,0
RUSTSEC-2021-0089,CVE-2021-45687,UNKNOWN,raw-cpuid,2021-07-06 19:37:06.494357 UTC,29,28,17,60,0,0,0,28,0
RUSTSEC-2021-0090,CVE-2021-45688,INFO,ash,2021-08-23 10:47:48.967188 UTC,32,32,21,65,0,1,29,2,0
RUSTSEC-2021-0093,CVE-2021-32810,CRITICAL,crossbeam-deque,2021-07-30 22:35:27.067011 UTC,32,32,3,9,0,0,30,2,0
RUSTSEC-2021-0100,CVE-2021-45696,UNKNOWN,sha2,2021-09-09 10:39:34.904469 UTC,993,615,0,0,0,3,601,11,0
RUSTSEC-2021-0103,CVE-2021-45697,UNKNOWN,molecule,2021-07-29 16:07:07.685517 UTC,10,10,8,80,4,0,6,0,0
RUSTSEC-2021-0105,CVE-2021-36376,HIGH,git-delta,2021-07-13 10:46:46.790821 UTC,0,0,0,0,0,0,0,0,0
RUSTSEC-2021-0106,CVE-2021-36753,HIGH,bat,2021-07-13 11:11:58.098470 UTC,17,17,9,52,0,0,17,0,0
RUSTSEC-2021-0107,CVE-2021-45698,UNKNOWN,ckb,2021-02-24 04:37:28.135564 UTC,0,0,0,0,0,0,0,0,0
RUSTSEC-2021-0108,CVE-2021-45699,UNKNOWN,ckb,2021-02-24 04:37:28.135564 UTC,0,0,0,0,0,0,0,0,0
RUSTSEC-2021-0109,CVE-2021-45700,UNKNOWN,ckb,2021-02-24 04:37:28.135564 UTC,0,0,0,0,0,0,0,0,0
RUSTSEC-2021-0110,CVE-2021-39216,MEDIUM,wasmtime,2021-09-17 18:42:13.177700 UTC,33,33,33,100,0,0,33,0,0
RUSTSEC-2021-0111,CVE-2021-45701,UNKNOWN,tremor-script,2021-09-16 12:20:22.318955 UTC,1,1,0,0,0,0,1,0,0
RUSTSEC-2021-0112,CVE-2021-45703,INFO,tectonic_xdv,2021-06-04 00:50:55.797388 UTC,1,1,0,0,0,0,1,0,0
RUSTSEC-2021-0113,CVE-2021-45704,UNKNOWN,metrics-util,2021-05-03 17:07:11.844187 UTC,13,13,13,100,0,0,13,0,0
RUSTSEC-2021-0114,CVE-2021-45705,UNKNOWN,nanorand,2021-07-24 00:23:28.652067 UTC,12,11,9,81,0,0,11,0,0
RUSTSEC-2021-0115,CVE-2021-45706,UNKNOWN,zeroize_derive,2021-10-09 17:20:49.763067 UTC,4,4,0,0,0,0,0,4,0
RUSTSEC-2021-0116,RUSTSEC-2021-0116,UNKNOWN,arrow,2021-12-14 11:44:49.390549 UTC,37,37,29,78,0,0,3,34,0
RUSTSEC-2021-0117,RUSTSEC-2021-0117,UNKNOWN,arrow,2021-12-14 11:44:49.390549 UTC,37,37,29,78,0,0,3,34,0
RUSTSEC-2021-0118,RUSTSEC-2021-0118,UNKNOWN,arrow,2021-12-14 11:44:49.390549 UTC,37,37,29,78,0,0,3,34,0
RUSTSEC-2021-0119,CVE-2021-45707,UNKNOWN,nix,2021-09-29 04:25:30.119276 UTC,749,466,223,47,1,11,428,26,0
RUSTSEC-2021-0122,RUSTSEC-2021-0122,CRITICAL,flatbuffers,2022-10-18 20:48:00.392221 UTC,32,32,32,100,3,0,14,15,0
RUSTSEC-2021-0123,CVE-2021-43620,UNKNOWN,fruity,2022-04-08 10:47:58.852342 UTC,0,0,0,0,0,0,0,0,0
RUSTSEC-2021-0124,CVE-2021-45710,UNKNOWN,tokio,2021-11-16 20:22:55.422077 UTC,4468,4460,1630,36,21,23,1537,2879,0
RUSTSEC-2021-0125,CVE-2021-45711,UNKNOWN,simple_asn1,2021-11-14 21:53:04.890850 UTC,23,3,0,0,0,0,3,0,0
RUSTSEC-2021-0126,CVE-2021-45712,UNKNOWN,rust-embed,2021-11-28 08:45:47.541861 UTC,86,86,71,82,0,0,0,86,0
RUSTSEC-2021-0128,CVE-2021-45713,UNKNOWN,rusqlite,2021-12-08 04:11:07.837066 UTC,309,101,0,0,0,1,92,8,0
RUSTSEC-2021-0129,CVE-2021-4044,UNKNOWN,openssl-src,2021-12-14 19:00:37.417076 UTC,1,1,1,100,1,0,0,0,0
RUSTSEC-2021-0130,CVE-2021-45720,UNKNOWN,lru,2021-12-18 19:10:32.286948 UTC,148,148,126,85,0,1,143,4,0
RUSTSEC-2021-0132,CVE-2020-36846,UNKNOWN,compu-brotli-sys,2021-08-29 11:07:54.087673 UTC,1,1,1,100,0,0,1,0,0
RUSTSEC-2021-0138,RUSTSEC-2021-0138,INFO,mz-avro,2022-08-12 07:42:24.859736 UTC,0,0,0,0,0,0,0,0,0
RUSTSEC-2021-0143,CVE-2021-21235,MEDIUM,kamadak-exif,2021-01-05 08:57:53.226631 UTC,10,4,0,0,0,0,4,0,0
RUSTSEC-2021-0152,RUSTSEC-2021-0152,INFO,out-reference,2021-01-20 15:26:44.723658 UTC,0,0,0,0,0,0,0,0,0
RUSTSEC-2021-0154,RUSTSEC-2021-0154,INFO,fuser,2025-09-12 15:08:55.383060 UTC,64,64,63,98,1,0,62,1,0
RUSTSEC-2022-0002,RUSTSEC-2022-0002,UNKNOWN,dashmap,2022-02-06 16:54:15.633230 UTC,217,36,4,11,0,0,0,36,0
RUSTSEC-2022-0003,RUSTSEC-2022-0003,UNKNOWN,ammonia,2022-01-19 22:06:38.346458 UTC,20,16,1,6,1,2,0,13,0
RUSTSEC-2022-0006,RUSTSEC-2022-0006,UNKNOWN,thread_local,2022-01-24 01:26:53.959262 UTC,48,48,13,27,0,2,9,37,0
RUSTSEC-2022-0007,RUSTSEC-2022-0007,INFO,qcell,2021-09-21 03:54:11.022251 UTC,1,1,0,0,0,0,1,0,0
RUSTSEC-2022-0008,RUSTSEC-2022-0008,INFO,windows,2022-02-03 21:40:09.710267 UTC,199,199,198,99,0,0,197,2,0
RUSTSEC-2022-0009,RUSTSEC-2022-0009,UNKNOWN,libp2p-core,2022-02-07 10:46:15.385328 UTC,37,26,0,0,0,0,25,1,0
RUSTSEC-2022-0010,RUSTSEC-2022-0010,INFO,enum-map,2022-02-17 21:24:31.744256 UTC,33,1,0,0,0,0,0,1,0
RUSTSEC-2022-0012,RUSTSEC-2022-0012,UNKNOWN,arrow2,2022-03-04 16:59:04.438135 UTC,8,8,0,0,0,0,8,0,0
RUSTSEC-2022-0013,CVE-2022-24713,HIGH,regex,2022-03-08 13:59:00.709389 UTC,4646,4646,648,13,14,24,568,4040,0
RUSTSEC-2022-0014,CVE-2022-0778,UNKNOWN,openssl-src,2022-03-16 14:16:33.752611 UTC,1,1,1,100,1,0,0,0,0
RUSTSEC-2022-0016,CVE-2022-24791,UNKNOWN,wasmtime,2022-03-31 21:20:39.685166 UTC,48,6,0,0,0,0,6,0,0
RUSTSEC-2022-0017,RUSTSEC-2022-0017,INFO,array-macro,2022-04-27 16:18:57.282082 UTC,18,8,0,0,0,0,0,8,0
RUSTSEC-2022-0018,CVE-2022-29185,MEDIUM,totp-rs,2022-04-24 14:57:35.633235 UTC,1,1,1,100,0,0,1,0,0
RUSTSEC-2022-0019,RUSTSEC-2022-0019,INFO,crossbeam-channel,2020-07-21 17:00:45.983654 UTC,363,363,173,47,16,1,334,12,0
RUSTSEC-2022-0020,RUSTSEC-2022-0020,INFO,crossbeam,2019-01-28 20:37:17.179644 UTC,136,136,133,97,2,0,126,8,0
RUSTSEC-2022-0021,RUSTSEC-2022-0021,INFO,crossbeam-queue,2020-06-11 01:13:14.752568 UTC,40,40,10,25,1,0,38,1,0
RUSTSEC-2022-0022,RUSTSEC-2022-0022,INFO,hyper,2021-08-24 23:25:44.040063 UTC,2280,2280,1299,56,6,13,2169,92,0
RUSTSEC-2022-0025,CVE-2022-1473,HIGH,openssl-src,2022-05-05 17:43:01.287714 UTC,1,1,1,100,1,0,0,0,0
RUSTSEC-2022-0026,CVE-2022-1434,MEDIUM,openssl-src,2022-05-05 17:43:01.287714 UTC,1,1,1,100,1,0,0,0,0
RUSTSEC-2022-0027,CVE-2022-1343,MEDIUM,openssl-src,2022-05-05 17:43:01.287714 UTC,1,1,1,100,1,0,0,0,0
RUSTSEC-2022-0028,RUSTSEC-2022-0028,UNKNOWN,neon,2022-05-23 19:08:34.260810 UTC,38,36,35,97,0,0,36,0,0
RUSTSEC-2022-0029,RUSTSEC-2022-0029,UNKNOWN,crossbeam,2017-08-01 21:12:48.229129 UTC,78,78,76,97,0,0,73,5,0
RUSTSEC-2022-0030,CVE-2022-31099,UNKNOWN,rulex,2022-06-19 14:02:36.980286 UTC,2,2,0,0,0,0,2,0,0
RUSTSEC-2022-0031,CVE-2022-31100,UNKNOWN,rulex,2022-06-19 14:02:36.980286 UTC,2,2,0,0,0,0,2,0,0
RUSTSEC-2022-0032,CVE-2022-2097,UNKNOWN,openssl-src,2022-07-05 14:09:08.045110 UTC,2,2,1,50,1,0,0,1,0
RUSTSEC-2022-0033,CVE-2022-2274,UNKNOWN,openssl-src,2022-07-05 14:09:08.045110 UTC,2,1,0,0,0,0,0,1,0
RUSTSEC-2022-0035,CVE-2022-35922,UNKNOWN,websocket,2022-07-24 19:04:36.482586 UTC,69,69,52,75,0,0,64,5,0
RUSTSEC-2022-0037,RUSTSEC-2022-0037,HIGH,async-graphql,2022-07-30 12:51:25.183047 UTC,39,39,27,69,0,0,0,39,0
RUSTSEC-2022-0038,CVE-2022-31173,HIGH,juniper,2022-07-28 14:15:32.586977 UTC,58,58,34,58,0,0,58,0,0
RUSTSEC-2022-0041,CVE-2022-23639,INFO,crossbeam-utils,2022-02-05 12:54:05.192066 UTC,228,228,106,46,0,5,221,2,0
RUSTSEC-2022-0043,RUSTSEC-2022-0043,UNKNOWN,tower-http,2022-01-22 10:12:57.528116 UTC,19,18,0,0,0,0,18,0,0
RUSTSEC-2022-0045,RUSTSEC-2022-0045,UNKNOWN,oqs,2022-08-22 10:41:26.739190 UTC,0,0,0,0,0,0,0,0,0
RUSTSEC-2022-0046,RUSTSEC-2022-0046,UNKNOWN,rocksdb,2022-08-05 13:56:36.551020 UTC,99,99,99,100,2,0,95,2,0
RUSTSEC-2022-0047,RUSTSEC-2022-0047,UNKNOWN,oqs,2022-08-22 10:41:26.739190 UTC,0,0,0,0,0,0,0,0,0
RUSTSEC-2022-0049,RUSTSEC-2022-0049,INFO,iana-time-zone,2022-08-16 03:20:46.312810 UTC,4,4,0,0,0,0,4,0,0
RUSTSEC-2022-0051,RUSTSEC-2022-0051,CRITICAL,lz4-sys,2022-08-26 18:08:25.455077 UTC,7,7,0,0,0,0,0,7,0
RUSTSEC-2022-0052,RUSTSEC-2022-0052,INFO,os_socketaddr,2022-08-26 13:57:17.544930 UTC,10,10,3,30,0,0,10,0,0
RUSTSEC-2022-0055,CVE-2022-3212,UNKNOWN,axum-core,2022-09-10 07:58:26.835756 UTC,22,22,4,18,0,0,22,0,0
RUSTSEC-2022-0059,CVE-2022-3358,UNKNOWN,openssl-src,2022-10-11 20:43:59.816521 UTC,2,2,1,50,1,0,0,1,0
RUSTSEC-2022-0062,RUSTSEC-2022-0062,UNKNOWN,matrix-sdk,2022-10-24 10:55:56.146944 UTC,15,0,0,0,0,0,0,0,0
RUSTSEC-2022-0063,CVE-2022-36086,HIGH,linked_list_allocator,2022-09-06 19:09:53.232265 UTC,22,22,17,77,1,0,20,1,0
RUSTSEC-2022-0064,CVE-2022-3602,UNKNOWN,openssl-src,2022-11-01 17:07:45.391237 UTC,2,2,1,50,1,0,0,1,0
RUSTSEC-2022-0065,CVE-2022-3786,UNKNOWN,openssl-src,2022-11-01 17:07:45.391237 UTC,2,2,1,50,1,0,0,1,0
RUSTSEC-2022-0066,CVE-2022-39294,HIGH,conduit-hyper,2022-10-30 20:06:51.319965 UTC,0,0,0,0,0,0,0,0,0
RUSTSEC-2022-0067,RUSTSEC-2022-0067,INFO,lzf,2022-11-06 12:54:24.618085 UTC,7,7,0,0,0,0,7,0,0
RUSTSEC-2022-0068,CVE-2022-46149,UNKNOWN,capnp,2022-11-30 15:03:55.419051 UTC,47,47,22,46,1,0,46,0,0
RUSTSEC-2022-0069,RUSTSEC-2022-0069,UNKNOWN,hyper-staticfile,2022-11-30 15:48:04.347499 UTC,15,15,11,73,0,0,15,0,0
RUSTSEC-2022-0070,RUSTSEC-2022-0070,INFO,secp256k1,2022-12-07 13:38:57.717409 UTC,220,182,117,64,1,0,179,2,0
RUSTSEC-2022-0072,RUSTSEC-2022-0072,UNKNOWN,hyper-staticfile,2022-12-23 09:29:39.531384 UTC,15,15,11,73,0,0,15,0,0
RUSTSEC-2022-0074,RUSTSEC-2022-0074,INFO,prettytable-rs,2022-12-27 10:39:23.283494 UTC,348,348,344,98,0,0,334,14,0
RUSTSEC-2022-0075,CVE-2022-39393,UNKNOWN,wasmtime,2022-11-11 00:07:51.065350 UTC,72,66,56,84,0,0,54,12,0
RUSTSEC-2022-0076,CVE-2022-39392,HIGH,wasmtime,2022-11-11 00:07:51.065350 UTC,72,66,56,84,0,0,54,12,0
RUSTSEC-2022-0078,RUSTSEC-2022-0078,INFO,bumpalo,2022-10-18 21:15:46.723220 UTC,61,61,4,6,0,1,0,60,0
RUSTSEC-2022-0079,RUSTSEC-2022-0079,UNKNOWN,elf_rs,2023-01-16 03:19:36.453953 UTC,2,2,2,100,0,1,1,0,0
RUSTSEC-2022-0082,RUSTSEC-2022-0082,UNKNOWN,warp,2022-09-27 17:26:21.373775 UTC,307,307,94,30,1,4,302,0,0
RUSTSEC-2022-0083,CVE-2022-39354,HIGH,evm,2022-10-25 12:08:48.825203 UTC,28,28,28,100,0,0,28,0,0
RUSTSEC-2022-0084,CVE-2022-23486,HIGH,libp2p,2022-06-09 13:39:06.977649 UTC,38,38,38,100,1,0,37,0,0
RUSTSEC-2022-0085,CVE-2022-39252,HIGH,matrix-sdk-crypto,2022-09-28 15:28:07.936795 UTC,4,4,4,100,0,0,4,0,0
RUSTSEC-2022-0086,CVE-2022-31162,HIGH,slack-morphism,2022-07-16 11:20:26.215147 UTC,2,2,2,100,0,0,2,0,0
RUSTSEC-2022-0087,CVE-2022-39292,UNKNOWN,slack-morphism,2022-10-08 12:58:25.856798 UTC,2,2,2,100,0,0,2,0,0
RUSTSEC-2022-0088,CVE-2022-39215,MEDIUM,tauri,2022-09-15 20:02:21.055614 UTC,17,17,2,11,0,0,2,15,0
RUSTSEC-2022-0089,CVE-2022-39397,MEDIUM,aliyun-oss-client,2022-11-19 04:51:16.339776 UTC,0,0,0,0,0,0,0,0,0
RUSTSEC-2022-0090,CVE-2022-35737,HIGH,libsqlite3-sys,2022-07-22 09:33:29.108951 UTC,41,41,33,80,0,8,26,7,0
RUSTSEC-2022-0091,CVE-2022-41874,LOW,tauri,2022-11-08 14:50:51.955178 UTC,18,16,0,0,0,0,0,16,0
RUSTSEC-2022-0092,RUSTSEC-2022-0092,INFO,rmp-serde,2022-09-27 12:56:14.696713 UTC,319,319,214,67,6,0,197,116,0
RUSTSEC-2022-0094,RUSTSEC-2022-0094,INFO,mimalloc,2023-09-14 11:31:30.772340 UTC,131,131,0,0,0,0,129,2,0
RUSTSEC-2022-0095,CVE-2022-31104,UNKNOWN,wasmtime,2022-06-27 22:20:59.348049 UTC,60,60,53,88,0,0,60,0,0
RUSTSEC-2022-0096,CVE-2022-23636,UNKNOWN,wasmtime,2022-02-16 20:56:57.779467 UTC,46,41,31,75,0,0,41,0,0
RUSTSEC-2022-0097,CVE-2022-39394,LOW,wasmtime,2022-11-11 00:07:51.065350 UTC,72,66,56,84,0,0,54,12,0
RUSTSEC-2022-0098,CVE-2022-39393,HIGH,wasmtime,2022-11-11 00:07:51.065350 UTC,72,66,56,84,0,0,54,12,0
RUSTSEC-2022-0099,CVE-2022-24791,UNKNOWN,wasmtime,2022-03-31 21:20:39.685166 UTC,48,43,37,86,0,0,43,0,0
RUSTSEC-2022-0100,CVE-2022-31146,UNKNOWN,wasmtime,2022-07-20 19:54:05.615602 UTC,62,56,49,87,0,0,54,2,0
RUSTSEC-2022-0101,CVE-2022-23636,UNKNOWN,wasmtime,2022-07-20 19:54:05.615602 UTC,62,56,49,87,0,0,54,2,0
RUSTSEC-2022-0102,CVE-2022-39392,MEDIUM,wasmtime,2022-11-11 00:07:51.065350 UTC,72,66,56,84,0,0,54,12,0
RUSTSEC-2022-0103,CVE-2021-20319,HIGH,coreos-installer,2021-10-11 18:18:18.683148 UTC,0,0,0,0,0,0,0,0,0
RUSTSEC-2023-0001,CVE-2023-22466,UNKNOWN,tokio,2023-01-03 22:20:40.063970 UTC,8441,6958,91,1,33,3,30,6892,0
RUSTSEC-2023-0003,CVE-2023-22742,UNKNOWN,libgit2-sys,2023-01-20 22:53:05.488167 UTC,8,8,5,62,0,0,8,0,0
RUSTSEC-2023-0004,CVE-2023-22895,UNKNOWN,bzip2,2023-01-05 17:16:21.294819 UTC,120,120,36,30,0,1,119,0,0
RUSTSEC-2023-0005,RUSTSEC-2023-0005,INFO,tokio,2023-01-17 18:28:06.492647 UTC,8617,8244,1203,14,45,18,1081,7100,0
RUSTSEC-2023-0006,CVE-2023-0286,UNKNOWN,openssl-src,2023-02-07 17:17:20.810595 UTC,2,2,1,50,1,0,0,1,0
RUSTSEC-2023-0007,CVE-2022-4304,UNKNOWN,openssl-src,2023-02-07 17:17:20.810595 UTC,2,2,1,50,1,0,0,1,0
RUSTSEC-2023-0008,CVE-2022-4203,UNKNOWN,openssl-src,2023-02-07 17:17:20.810595 UTC,2,2,1,50,1,0,0,1,0
RUSTSEC-2023-0009,CVE-2023-0215,UNKNOWN,openssl-src,2023-02-07 17:17:20.810595 UTC,2,2,1,50,1,0,0,1,0
RUSTSEC-2023-0010,CVE-2022-4450,UNKNOWN,openssl-src,2023-02-07 17:17:20.810595 UTC,2,2,1,50,1,0,0,1,0
RUSTSEC-2023-0011,CVE-2023-0216,UNKNOWN,openssl-src,2023-02-07 17:17:20.810595 UTC,2,2,1,50,1,0,0,1,0
RUSTSEC-2023-0012,CVE-2023-0217,UNKNOWN,openssl-src,2023-02-07 17:17:20.810595 UTC,2,2,1,50,1,0,0,1,0
RUSTSEC-2023-0013,CVE-2023-0401,UNKNOWN,openssl-src,2023-02-07 17:17:20.810595 UTC,2,2,1,50,1,0,0,1,0
RUSTSEC-2023-0014,RUSTSEC-2023-0014,INFO,cortex-m-rt,2023-02-14 02:19:51.786566 UTC,735,491,1,0,1,45,294,151,0
RUSTSEC-2023-0015,RUSTSEC-2023-0015,INFO,ascii,2019-08-26 10:54:23.556369 UTC,19,19,10,52,0,1,17,1,0
RUSTSEC-2023-0016,RUSTSEC-2023-0016,INFO,partial_sort,2023-02-20 02:27:22.448871 UTC,0,0,0,0,0,0,0,0,0
RUSTSEC-2023-0018,RUSTSEC-2023-0018,UNKNOWN,remove_dir_all,2023-02-24 10:12:32.285594 UTC,50,50,50,100,1,1,47,1,0
RUSTSEC-2023-0021,RUSTSEC-2023-0021,UNKNOWN,stb_image,2023-03-19 15:25:19.374754 UTC,4,4,0,0,0,0,4,0,0
RUSTSEC-2023-0022,RUSTSEC-2023-0022,UNKNOWN,openssl,2023-03-24 01:49:22.391805 UTC,975,975,98,10,4,2,928,41,0
RUSTSEC-2023-0023,RUSTSEC-2023-0023,UNKNOWN,openssl,2023-03-24 01:49:22.391805 UTC,975,975,98,10,4,2,928,41,0
RUSTSEC-2023-0024,RUSTSEC-2023-0024,UNKNOWN,openssl,2023-03-24 01:49:22.391805 UTC,975,975,98,10,4,2,928,41,0
RUSTSEC-2023-0027,RUSTSEC-2023-0027,UNKNOWN,async-nats,2023-03-24 09:37:54.928166 UTC,14,14,13,92,0,0,13,1,0
RUSTSEC-2023-0029,RUSTSEC-2023-0029,UNKNOWN,nats,2023-11-08 07:59:36.091198 UTC,29,19,17,89,0,0,19,0,0
RUSTSEC-2023-0030,CVE-2023-28448,MEDIUM,versionize,2023-03-24 13:47:50.013505 UTC,2,2,0,0,0,0,2,0,0
RUSTSEC-2023-0031,RUSTSEC-2023-0031,INFO,spin,2023-04-03 08:39:47.531534 UTC,216,120,0,0,0,0,114,6,0
RUSTSEC-2023-0033,RUSTSEC-2023-0033,INFO,borsh,2024-09-23 13:31:41.961473 UTC,585,434,285,65,11,13,399,11,0
RUSTSEC-2023-0034,CVE-2023-26964,UNKNOWN,h2,2023-04-13 14:59:25.899122 UTC,42,42,9,21,0,0,41,1,0
RUSTSEC-2023-0035,RUSTSEC-2023-0035,INFO,enumflags2,2023-04-17 00:12:54.843883 UTC,71,46,0,0,0,0,46,0,0
RUSTSEC-2023-0038,CVE-2023-53160,UNKNOWN,sequoia-openpgp,2023-05-16 13:08:04.733749 UTC,37,37,4,10,0,0,4,33,0
RUSTSEC-2023-0039,CVE-2023-53161,UNKNOWN,buffered-reader,2023-05-19 13:32:30.416371 UTC,10,10,1,10,0,1,1,8,0
RUSTSEC-2023-0041,RUSTSEC-2023-0041,UNKNOWN,trust-dns-server,2023-06-01 17:11:46.556922 UTC,19,19,11,57,1,0,18,0,0
RUSTSEC-2023-0042,RUSTSEC-2023-0042,INFO,ouroboros,2023-06-15 00:08:52.551965 UTC,63,63,63,100,0,0,61,2,0
RUSTSEC-2023-0044,CVE-2023-53159,UNKNOWN,openssl,2023-06-20 21:01:57.273257 UTC,1044,1044,98,9,4,3,997,40,0
RUSTSEC-2023-0045,RUSTSEC-2023-0045,INFO,memoffset,2021-03-25 22:37:21.804193 UTC,41,41,27,65,0,0,41,0,0
RUSTSEC-2023-0048,RUSTSEC-2023-0048,INFO,intaglio,2023-07-26 21:13:14.856540 UTC,2,2,0,0,0,0,0,2,0
RUSTSEC-2023-0052,RUSTSEC-2023-0052,HIGH,webpki,2023-09-30 19:55:39.508148 UTC,228,228,132,57,1,2,222,3,0
RUSTSEC-2023-0053,RUSTSEC-2023-0053,HIGH,rustls-webpki,2023-08-22 08:52:30.021769 UTC,21,21,0,0,0,0,21,0,0
RUSTSEC-2023-0055,RUSTSEC-2023-0055,INFO,lexical,2024-09-14 22:59:42.652156 UTC,52,52,52,100,0,0,0,52,0
RUSTSEC-2023-0056,CVE-2023-41051,LOW,vm-memory,2023-08-29 13:28:11.682345 UTC,26,26,15,57,0,0,24,2,0
RUSTSEC-2023-0057,RUSTSEC-2023-0057,INFO,inventory,2021-11-10 04:55:18.999125 UTC,44,44,43,97,1,1,37,5,0
RUSTSEC-2023-0058,RUSTSEC-2023-0058,INFO,inventory,2021-11-10 04:55:18.999125 UTC,44,44,43,97,1,1,37,5,0
RUSTSEC-2023-0060,CVE-2023-4863,UNKNOWN,libwebp-sys2,2023-09-12 23:59:20.255778 UTC,4,4,0,0,0,0,4,0,0
RUSTSEC-2023-0061,CVE-2023-4863,UNKNOWN,libwebp-sys,2023-09-13 06:53:23.802213 UTC,2,2,0,0,0,0,2,0,0
RUSTSEC-2023-0062,CVE-2023-39914,HIGH,bcder,2023-09-13 09:26:06.795857 UTC,11,11,3,27,0,0,11,0,0
RUSTSEC-2023-0063,CVE-2023-42805,HIGH,quinn-proto,2023-09-20 21:19:50.278634 UTC,33,33,8,24,0,0,33,0,0
RUSTSEC-2023-0064,CVE-2023-53158,UNKNOWN,gix-transport,2023-09-25 06:29:25.724368 UTC,3,0,0,0,0,0,0,0,0
RUSTSEC-2023-0065,CVE-2023-43669,HIGH,tungstenite,2023-09-23 00:34:51.099547 UTC,240,240,218,90,4,0,231,5,0
RUSTSEC-2023-0068,CVE-2024-21530,MEDIUM,cocoon,2023-10-17 14:48:25.544573 UTC,2,2,2,100,0,0,2,0,0
RUSTSEC-2023-0069,CVE-2023-42456,LOW,sudo-rs,2023-09-21 14:41:32.268588 UTC,0,0,0,0,0,0,0,0,0
RUSTSEC-2023-0070,RUSTSEC-2023-0070,UNKNOWN,self_cell,2023-11-11 09:44:18.736323 UTC,21,21,0,0,0,0,6,15,0
RUSTSEC-2023-0072,RUSTSEC-2023-0072,INFO,openssl,2023-11-23 02:01:15.764432 UTC,1172,1172,96,8,4,3,1120,45,0
RUSTSEC-2023-0073,CVE-2023-6245,HIGH,candid,2023-10-17 19:26:52.957311 UTC,118,72,0,0,0,0,72,0,0
RUSTSEC-2023-0074,RUSTSEC-2023-0074,UNKNOWN,zerocopy,2023-12-14 00:41:13.578339 UTC,133,133,2,1,2,1,130,0,0
RUSTSEC-2023-0075,RUSTSEC-2023-0075,INFO,unsafe-libyaml,2023-12-14 22:32:41.475376 UTC,4,4,0,0,0,0,4,0,0
RUSTSEC-2023-0077,CVE-2023-53157,UNKNOWN,rosenpass,2023-11-18 22:17:48.019045 UTC,0,0,0,0,0,0,0,0,0
RUSTSEC-2023-0078,RUSTSEC-2023-0078,INFO,tracing,2023-10-19 01:05:24.833936 UTC,4882,4875,0,0,0,2,4815,58,0
RUSTSEC-2023-0080,CVE-2023-53156,UNKNOWN,transpose,2024-02-20 03:58:36.169021 UTC,18,18,0,0,0,0,18,0,0
RUSTSEC-2023-0082,CVE-2023-42444,HIGH,phonenumber,2023-09-19 10:44:45.112126 UTC,17,17,0,0,0,0,17,0,0
RUSTSEC-2023-0083,CVE-2023-42447,HIGH,blurhash,2023-09-19 11:34:47.811068 UTC,2,2,2,100,0,0,2,0,0
RUSTSEC-2023-0086,RUSTSEC-2023-0086,INFO,lexical-core,2024-09-14 22:59:33.317862 UTC,42,42,40,95,0,1,39,2,0
RUSTSEC-2023-0087,RUSTSEC-2023-0087,INFO,simd-json-derive,2023-10-14 17:24:35.147113 UTC,4,4,4,100,0,0,4,0,0
RUSTSEC-2023-0090,CVE-2023-26489,CRITICAL,wasmtime,2023-03-08 19:14:36.615697 UTC,88,87,58,66,0,0,35,52,0
RUSTSEC-2023-0091,CVE-2023-41880,LOW,wasmtime,2023-09-14 21:35:42.346369 UTC,111,111,82,73,0,1,31,79,0
RUSTSEC-2023-0092,CVE-2023-30624,LOW,wasmtime,2023-04-27 16:57:57.431063 UTC,96,96,69,71,0,0,33,63,0
RUSTSEC-2023-0093,CVE-2023-27477,LOW,wasmtime,2023-03-08 19:14:36.615697 UTC,88,87,58,66,0,0,35,52,0
RUSTSEC-2023-0095,CVE-2023-3766,MEDIUM,odoh-rs,2023-07-14 21:07:13.650009 UTC,2,2,1,50,1,0,0,1,0
RUSTSEC-2023-0096,CVE-2023-42811,MEDIUM,aes-gcm,2023-09-21 22:41:40.418319 UTC,203,115,0,0,0,0,113,2,0
RUSTSEC-2024-0001,RUSTSEC-2024-0001,INFO,ferris-says,2022-11-01 16:26:43.796556 UTC,11,6,6,100,0,0,6,0,0
RUSTSEC-2024-0002,CVE-2023-50711,MEDIUM,vmm-sys-util,2024-01-02 11:28:45.316679 UTC,30,30,26,86,0,0,26,4,0
RUSTSEC-2024-0003,RUSTSEC-2024-0003,UNKNOWN,h2,2024-01-17 19:56:05.204537 UTC,66,66,9,13,0,0,65,1,0
RUSTSEC-2024-0005,RUSTSEC-2024-0005,INFO,threadalone,2024-01-22 01:54:56.402465 UTC,0,0,0,0,0,0,0,0,0
RUSTSEC-2024-0006,CVE-2024-58266,UNKNOWN,shlex,2024-01-22 05:15:15.585884 UTC,155,155,31,20,0,0,29,126,0
RUSTSEC-2024-0007,RUSTSEC-2024-0007,INFO,rust-i18n-support,2024-01-23 01:36:20.831733 UTC,4,4,0,0,0,0,0,4,0
RUSTSEC-2024-0008,CVE-2024-23644,UNKNOWN,trillium-client,2024-01-24 01:11:19.380080 UTC,3,3,0,0,0,0,3,0,0
RUSTSEC-2024-0009,CVE-2024-23644,UNKNOWN,trillium-http,2024-01-24 00:59:42.488720 UTC,13,13,1,7,0,0,13,0,0
RUSTSEC-2024-0010,CVE-2024-21491,UNKNOWN,svix,2024-02-06 17:46:43.678080 UTC,0,0,0,0,0,0,0,0,0
RUSTSEC-2024-0011,CVE-2024-58265,UNKNOWN,snow,2024-01-24 07:22:53.177904 UTC,38,38,17,44,1,0,37,0,0
RUSTSEC-2024-0012,CVE-2024-58264,UNKNOWN,serde-json-wasm,2024-01-23 16:56:03.745854 UTC,37,37,16,43,1,0,26,10,0
RUSTSEC-2024-0013,RUSTSEC-2024-0013,HIGH,libgit2-sys,2024-02-07 04:01:02.087063 UTC,9,9,7,77,0,0,9,0,0
RUSTSEC-2024-0016,RUSTSEC-2024-0016,UNKNOWN,libdav1d-sys,2024-02-18 17:31:33.141925 UTC,3,3,3,100,0,0,3,0,0
RUSTSEC-2024-0017,CVE-2024-27284,INFO,cassandra-cpp,2024-02-28 11:52:11.347660 UTC,1,1,1,100,0,0,1,0,0
RUSTSEC-2024-0019,CVE-2024-27308,UNKNOWN,mio,2024-03-01 20:46:43.682089 UTC,496,217,67,30,2,1,205,9,0
RUSTSEC-2024-0020,RUSTSEC-2024-0020,UNKNOWN,whoami,2024-03-04 04:41:46.704274 UTC,212,208,22,10,0,1,18,189,0
RUSTSEC-2024-0021,RUSTSEC-2024-0021,UNKNOWN,eyre,2024-01-31 16:44:06.544480 UTC,556,552,0,0,0,2,536,14,0
RUSTSEC-2024-0332,RUSTSEC-2024-0332,UNKNOWN,h2,2024-04-03 18:03:53.095955 UTC,73,73,9,12,0,0,70,3,0
RUSTSEC-2024-0335,CVE-2024-32884,UNKNOWN,gix-transport,2024-04-13 12:32:39.791744 UTC,4,4,4,100,0,0,4,0,0
RUSTSEC-2024-0336,CVE-2024-32650,HIGH,rustls,2024-04-19 15:22:37.293251 UTC,807,807,379,46,6,3,788,10,0
RUSTSEC-2024-0338,CVE-2024-58263,UNKNOWN,cosmwasm-std,2024-04-24 09:20:13.406009 UTC,576,519,2,0,0,0,0,519,0
RUSTSEC-2024-0339,CVE-2024-35312,UNKNOWN,tor-circmgr,2024-05-15 15:52:44.521836 UTC,7,5,0,0,0,0,5,0,0
RUSTSEC-2024-0340,CVE-2024-35312,UNKNOWN,tor-circmgr,2024-05-15 15:52:44.521836 UTC,7,5,0,0,0,0,5,0,0
RUSTSEC-2024-0341,CVE-2024-28854,HIGH,tls-listener,2024-03-15 06:29:18.456263 UTC,7,7,7,100,0,0,7,0,0
RUSTSEC-2024-0342,CVE-2024-34063,UNKNOWN,vodozemac,2024-05-06 12:48:37.226955 UTC,4,3,3,100,0,0,3,0,0
RUSTSEC-2024-0343,CVE-2024-36400,CRITICAL,nano-id,2024-06-02 22:29:57.341488 UTC,2,2,2,100,0,0,2,0,0
RUSTSEC-2024-0344,CVE-2024-58262,UNKNOWN,curve25519-dalek,2024-06-18 19:20:35.007627 UTC,285,285,200,70,8,4,8,265,0
RUSTSEC-2024-0345,CVE-2024-58261,UNKNOWN,sequoia-openpgp,2024-06-26 13:53:44.348709 UTC,63,59,0,0,0,0,0,59,0
RUSTSEC-2024-0346,RUSTSEC-2024-0346,UNKNOWN,zerovec-derive,2024-06-24 17:40:55.708730 UTC,1,1,0,0,0,0,1,0,0
RUSTSEC-2024-0347,RUSTSEC-2024-0347,UNKNOWN,zerovec,2024-06-24 17:41:07.581465 UTC,40,40,6,15,0,0,40,0,0
RUSTSEC-2024-0348,CVE-2024-35186,HIGH,gix-index,2024-05-22 11:49:38.866490 UTC,5,5,5,100,0,0,5,0,0
RUSTSEC-2024-0349,CVE-2024-35186,HIGH,gix-worktree,2024-05-22 11:49:50.207746 UTC,6,6,6,100,0,0,6,0,0
RUSTSEC-2024-0350,CVE-2024-35186,HIGH,gix-fs,2024-05-22 11:47:58.786581 UTC,13,13,13,100,0,0,13,0,0
RUSTSEC-2024-0351,CVE-2024-35197,MEDIUM,gix-ref,2024-05-22 11:49:08.889979 UTC,3,3,3,100,0,0,3,0,0
RUSTSEC-2024-0352,CVE-2024-35197,MEDIUM,gix-index,2024-05-22 11:49:38.866490 UTC,5,5,5,100,0,0,5,0,0
RUSTSEC-2024-0353,CVE-2024-35197,MEDIUM,gix-worktree,2024-05-22 11:49:50.207746 UTC,6,6,6,100,0,0,6,0,0
RUSTSEC-2024-0354,CVE-2024-40640,UNKNOWN,vodozemac,2024-07-17 12:31:55.134820 UTC,4,4,4,100,0,0,4,0,0
RUSTSEC-2024-0355,CVE-2024-40644,MEDIUM,gix-path,2024-07-18 06:33:42.673623 UTC,26,26,0,0,0,0,26,0,0
RUSTSEC-2024-0356,CVE-2024-40648,UNKNOWN,matrix-sdk-crypto,2024-07-18 15:13:03.706757 UTC,5,5,2,40,0,0,5,0,0
RUSTSEC-2024-0357,RUSTSEC-2024-0357,UNKNOWN,openssl,2024-07-21 16:28:56.252033 UTC,1383,1383,102,7,10,2,1329,42,0
RUSTSEC-2024-0358,CVE-2024-41178,LOW,object_store,2024-07-21 09:53:54.466047 UTC,116,115,60,52,0,1,113,1,0
RUSTSEC-2024-0359,RUSTSEC-2024-0359,INFO,gix-attributes,2024-07-23 18:25:08.468085 UTC,7,7,1,14,0,0,7,0,0
RUSTSEC-2024-0360,RUSTSEC-2024-0360,INFO,xmp_toolkit,2024-07-26 05:38:16.840934 UTC,1,1,0,0,0,0,0,1,0
RUSTSEC-2024-0361,RUSTSEC-2024-0361,UNKNOWN,cosmwasm-vm,2024-08-08 16:24:36.423656 UTC,10,9,3,33,0,0,3,6,0
RUSTSEC-2024-0362,RUSTSEC-2024-0362,UNKNOWN,alloy-json-abi,2024-07-08 12:55:14.544246 UTC,25,25,7,28,0,0,25,0,0
RUSTSEC-2024-0363,RUSTSEC-2024-0363,UNKNOWN,sqlx,2024-08-24 07:20:14.953687 UTC,784,784,712,90,5,4,753,22,0
RUSTSEC-2024-0365,RUSTSEC-2024-0365,UNKNOWN,diesel,2024-08-23 08:23:25.162330 UTC,432,432,240,55,1,6,14,411,0
RUSTSEC-2024-0366,RUSTSEC-2024-0366,UNKNOWN,cosmwasm-vm,2024-01-10 10:13:37.293558 UTC,9,8,3,37,0,0,3,5,0
RUSTSEC-2024-0367,CVE-2024-45305,LOW,gix-path,2024-08-22 18:26:16.608619 UTC,26,26,0,0,0,0,26,0,0
RUSTSEC-2024-0369,CVE-2024-39697,HIGH,phonenumber,2024-07-09 13:30:10.805150 UTC,22,20,0,0,0,0,20,0,0
RUSTSEC-2024-0371,CVE-2024-45405,MEDIUM,gix-path,2024-09-06 05:49:12.134704 UTC,26,26,0,0,0,0,26,0,0
RUSTSEC-2024-0372,CVE-2024-7884,HIGH,ic-cdk,2024-08-16 20:33:25.271588 UTC,108,63,0,0,0,0,63,0,0
RUSTSEC-2024-0373,CVE-2024-45311,HIGH,quinn-proto,2024-09-02 08:58:07.921231 UTC,40,6,0,0,0,0,6,0,0
RUSTSEC-2024-0374,RUSTSEC-2024-0374,UNKNOWN,ouch,2021-11-04 00:06:37.247926 UTC,0,0,0,0,0,0,0,0,0
RUSTSEC-2024-0376,CVE-2024-47609,UNKNOWN,tonic,2024-09-26 17:09:14.101852 UTC,1456,659,5,0,2,0,652,5,0
RUSTSEC-2024-0377,RUSTSEC-2024-0377,UNKNOWN,dbn,2024-10-01 22:05:18.599127 UTC,2,2,2,100,1,0,1,0,0
RUSTSEC-2024-0378,CVE-2024-9979,UNKNOWN,pyo3,2024-10-12 06:18:40.316970 UTC,760,134,7,5,3,2,110,19,0
RUSTSEC-2024-0391,RUSTSEC-2024-0391,UNKNOWN,paillier-zk,2024-07-18 08:07:35.296378 UTC,1,1,1,100,0,0,1,0,0
RUSTSEC-2024-0392,RUSTSEC-2024-0392,UNKNOWN,cggmp21-keygen,2024-07-18 08:11:25.067722 UTC,1,1,1,100,0,0,1,0,0
RUSTSEC-2024-0393,RUSTSEC-2024-0393,UNKNOWN,cggmp21,2024-07-18 08:14:35.335831 UTC,0,0,0,0,0,0,0,0,0
RUSTSEC-2024-0399,CVE-2024-11738,UNKNOWN,rustls,2024-11-22 18:30:43.748856 UTC,1010,335,3,0,0,1,328,6,0
RUSTSEC-2024-0400,RUSTSEC-2024-0400,UNKNOWN,ruzstd,2024-11-28 10:18:25.148617 UTC,27,11,0,0,0,0,11,0,0
RUSTSEC-2024-0401,RUSTSEC-2024-0401,MEDIUM,zlib-rs,2024-11-14 11:21:13.529462 UTC,2,2,2,100,0,0,2,0,0
RUSTSEC-2024-0402,RUSTSEC-2024-0402,UNKNOWN,hashbrown,2024-11-04 18:38:59.965750 UTC,1229,104,0,0,0,0,94,10,0
RUSTSEC-2024-0404,RUSTSEC-2024-0404,INFO,anstream,2024-01-16 21:45:02.870837 UTC,30,30,11,36,0,0,30,0,0
RUSTSEC-2024-0405,RUSTSEC-2024-0405,UNKNOWN,rustyscript,2024-07-18 16:56:37.651305 UTC,1,0,0,0,0,0,0,0,0
RUSTSEC-2024-0406,CVE-2024-4435,MEDIUM,ic-stable-structures,2024-04-22 10:59:43.896653 UTC,23,21,0,0,0,0,21,0,0
RUSTSEC-2024-0407,RUSTSEC-2024-0407,INFO,linkme,2024-03-06 05:07:42.615769 UTC,47,47,16,34,0,0,46,1,0
RUSTSEC-2024-0408,RUSTSEC-2024-0408,INFO,pprof,2024-11-08 06:28:56.250073 UTC,40,40,40,100,0,0,39,1,0
RUSTSEC-2024-0409,RUSTSEC-2024-0409,UNKNOWN,pyo3,2024-12-03 22:33:59.777016 UTC,800,58,6,10,2,7,30,19,0
RUSTSEC-2024-0421,CVE-2024-12224,UNKNOWN,idna,2024-06-10 12:50:44.400175 UTC,86,86,85,98,1,1,82,2,0
RUSTSEC-2024-0424,RUSTSEC-2024-0424,INFO,libafl,2023-12-21 11:58:36.871301 UTC,8,8,1,12,0,0,8,0,0
RUSTSEC-2024-0428,RUSTSEC-2024-0428,INFO,kvm-ioctls,2024-12-10 14:01:28.622439 UTC,10,10,6,60,0,0,8,2,0
RUSTSEC-2024-0429,RUSTSEC-2024-0429,INFO,glib,2024-07-10 15:12:25.745274 UTC,355,220,210,95,0,0,210,10,0
RUSTSEC-2024-0431,RUSTSEC-2024-0431,INFO,xous,2023-09-12 08:25:28.770336 UTC,12,12,0,0,0,0,12,0,0
RUSTSEC-2024-0432,RUSTSEC-2024-0432,UNKNOWN,rage,2024-12-18 15:27:26.841110 UTC,0,0,0,0,0,0,0,0,0
RUSTSEC-2024-0433,RUSTSEC-2024-0433,UNKNOWN,age,2024-12-18 15:27:04.650999 UTC,25,23,0,0,0,0,22,1,0
RUSTSEC-2024-0434,CVE-2024-52813,INFO,matrix-sdk-crypto,2024-11-19 13:14:12.895800 UTC,5,5,5,100,0,0,5,0,0
RUSTSEC-2024-0437,CVE-2025-53605,UNKNOWN,protobuf,2025-03-10 14:07:03.378871 UTC,552,552,387,70,84,7,0,461,0
RUSTSEC-2024-0438,CVE-2024-51745,UNKNOWN,wasmtime,2024-11-05 19:21:06.752371 UTC,196,196,145,73,2,6,30,158,0
RUSTSEC-2024-0439,CVE-2024-47813,LOW,wasmtime,2024-10-09 17:43:18.837212 UTC,191,58,13,22,1,5,0,52,0
RUSTSEC-2024-0440,CVE-2024-47763,MEDIUM,wasmtime,2024-10-09 17:43:18.837212 UTC,191,46,1,2,1,4,0,41,0
RUSTSEC-2024-0441,CVE-2024-30266,LOW,wasmtime,2024-04-02 19:12:01.189672 UTC,159,21,0,0,0,1,0,20,0
RUSTSEC-2024-0442,RUSTSEC-2024-0442,INFO,wasmtime-jit-debug,2024-08-20 15:19:02.729666 UTC,5,5,5,100,5,0,0,0,0
RUSTSEC-2024-0443,RUSTSEC-2024-0443,INFO,webp,2025-08-29 13:50:38.559495 UTC,42,42,16,38,0,0,42,0,0
RUSTSEC-2024-0445,CVE-2024-51756,UNKNOWN,cap-primitives,2024-11-05 16:21:40.804571 UTC,9,9,1,11,0,0,1,8,0
RUSTSEC-2024-0446,CVE-2024-41815,HIGH,starship,2024-07-27 09:20:17.851844 UTC,3,0,0,0,0,0,0,0,0
RUSTSEC-2024-0447,CVE-2024-53856,HIGH,pgp,2024-12-05 11:01:48.817789 UTC,34,34,21,61,0,0,33,1,0
RUSTSEC-2025-0001,CVE-2025-22620,MEDIUM,gix-worktree-state,2025-01-18 15:55:09.037691 UTC,1,1,1,100,0,0,1,0,0
RUSTSEC-2025-0002,RUSTSEC-2025-0002,UNKNOWN,fast-float2,2024-10-31 05:38:45.192458 UTC,0,0,0,0,0,0,0,0,0
RUSTSEC-2025-0004,CVE-2025-24898,UNKNOWN,openssl,2025-02-02 18:04:54.089937 UTC,1543,1543,105,6,13,2,1485,43,0
RUSTSEC-2025-0005,RUSTSEC-2025-0005,UNKNOWN,grcov,2024-10-14 14:45:05.455379 UTC,0,0,0,0,0,0,0,0,0
RUSTSEC-2025-0006,RUSTSEC-2025-0006,UNKNOWN,hickory-proto,2025-02-07 22:56:20.103124 UTC,41,37,5,13,5,0,31,1,0
RUSTSEC-2025-0008,RUSTSEC-2025-0008,UNKNOWN,openh264-sys2,2025-02-24 10:12:56.498884 UTC,1,1,1,100,0,0,1,0,0
RUSTSEC-2025-0009,CVE-2025-4432,UNKNOWN,ring,2025-03-06 00:53:52.281195 UTC,1092,1092,675,61,13,4,1055,20,0
RUSTSEC-2025-0015,CVE-2025-53604,UNKNOWN,web-push,2025-02-16 17:10:36.817153 UTC,3,3,1,33,0,0,3,0,0
RUSTSEC-2025-0016,RUSTSEC-2025-0016,UNKNOWN,pared,2025-03-13 13:49:58.720375 UTC,0,0,0,0,0,0,0,0,0
RUSTSEC-2025-0019,RUSTSEC-2025-0019,INFO,array-init-cursor,2025-03-29 14:58:24.285075 UTC,1,1,0,0,0,0,1,0,0
RUSTSEC-2025-0020,RUSTSEC-2025-0020,UNKNOWN,pyo3,2025-03-31 21:06:18.192069 UTC,914,914,836,91,10,14,863,27,0
RUSTSEC-2025-0021,CVE-2025-31130,MEDIUM,gix-features,2025-04-04 01:59:42.580212 UTC,26,26,26,100,0,0,26,0,0
RUSTSEC-2025-0022,RUSTSEC-2025-0022,UNKNOWN,openssl,2025-04-04 12:52:48.999808 UTC,1599,1506,12,0,12,2,1455,37,0
RUSTSEC-2025-0023,RUSTSEC-2025-0023,INFO,tokio,2025-04-03 17:39:33.970097 UTC,21538,21179,1220,5,91,16,1044,20028,0
RUSTSEC-2025-0024,CVE-2025-4574,UNKNOWN,crossbeam-channel,2025-04-08 21:27:41.106342 UTC,1479,1191,0,0,0,3,1172,16,0
RUSTSEC-2025-0027,RUSTSEC-2025-0027,INFO,mp3-metadata,2025-04-28 12:54:11.352743 UTC,6,6,6,100,0,0,6,0,0
RUSTSEC-2025-0032,RUSTSEC-2025-0032,INFO,redox_uefi_std,2025-05-02 12:58:34.781498 UTC,0,0,0,0,0,0,0,0,0
RUSTSEC-2025-0037,CVE-2025-4366,UNKNOWN,pingora-core,2025-05-09 22:26:49.080730 UTC,16,16,16,100,0,0,16,0,0
RUSTSEC-2025-0041,CVE-2025-48937,MEDIUM,matrix-sdk-crypto,2025-06-10 10:41:32.108200 UTC,6,4,1,25,0,0,4,0,0
RUSTSEC-2025-0042,RUSTSEC-2025-0042,INFO,static-alloc,2025-07-10 23:11:12.815757 UTC,8,8,0,0,0,0,8,0,0
RUSTSEC-2025-0043,CVE-2025-53549,UNKNOWN,matrix-sdk-sqlite,2025-07-10 13:20:19.096156 UTC,1,1,1,100,0,0,1,0,0
RUSTSEC-2025-0045,RUSTSEC-2025-0045,INFO,static_cell,2025-06-22 20:37:49.363445 UTC,32,28,0,0,0,0,0,28,0
RUSTSEC-2025-0046,CVE-2025-53901,LOW,wasmtime,2025-07-18 17:48:18.543751 UTC,242,167,119,71,3,5,0,159,0
RUSTSEC-2025-0047,CVE-2025-55159,UNKNOWN,slab,2025-08-08 07:40:58.273018 UTC,528,500,0,0,0,0,496,4,0
RUSTSEC-2025-0050,RUSTSEC-2025-0050,UNKNOWN,id-map,2025-08-14 20:16:50.908792 UTC,0,0,0,0,0,0,0,0,0
RUSTSEC-2025-0051,RUSTSEC-2025-0051,INFO,xcb,2025-08-15 08:02:22.084565 UTC,91,91,43,47,0,0,42,49,0
RUSTSEC-2025-0054,RUSTSEC-2025-0054,UNKNOWN,array-queue,2025-09-01 04:46:04.896804 UTC,0,0,0,0,0,0,0,0,0
RUSTSEC-2025-0055,CVE-2025-58160,UNKNOWN,tracing-subscriber,2025-08-29 19:10:29.115195 UTC,5207,5207,254,4,15,1,5137,54,0
RUSTSEC-2025-0062,RUSTSEC-2025-0062,UNKNOWN,toodee,2024-12-29 01:45:39.925400 UTC,4,4,4,100,0,0,4,0,0
RUSTSEC-2025-0063,RUSTSEC-2025-0063,UNKNOWN,fast-able,2024-11-17 02:11:59.315162 UTC,2,2,0,0,0,0,0,2,0
RUSTSEC-2025-0065,CVE-2025-59047,UNKNOWN,matrix-sdk-base,2025-09-10 09:13:52.219211 UTC,9,9,5,55,0,0,9,0,0
RUSTSEC-2025-0070,CVE-2025-8671,UNKNOWN,pingora-core,2025-08-15 20:41:40.216650 UTC,20,20,20,100,0,0,20,0,0
RUSTSEC-2025-0071,RUSTSEC-2025-0071,UNKNOWN,ammonia,2025-09-22 01:14:23.579729 UTC,74,74,5,6,0,2,1,71,0
RUSTSEC-2025-0073,CVE-2025-62370,HIGH,alloy-dyn-abi,2025-10-14 13:58:22.705972 UTC,25,25,8,32,1,0,12,12,0
RUSTSEC-2025-0105,RUSTSEC-2025-0105,INFO,direct_ring_buffer,2025-10-19 18:19:46.792760 UTC,2,2,0,0,0,0,2,0,0
RUSTSEC-2025-0106,RUSTSEC-2025-0106,INFO,orx-pinned-vec,2025-10-20 13:55:10.242760 UTC,14,14,1,7,0,0,0,14,0
RUSTSEC-2025-0107,RUSTSEC-2025-0107,INFO,borrowck_sacrifices,2025-10-15 13:30:40.949116 UTC,0,0,0,0,0,0,0,0,0
RUSTSEC-2025-0110,CVE-2025-62518,HIGH,astral-tokio-tar,2025-10-21 14:26:42.426426 UTC,4,4,0,0,0,0,4,0,0
RUSTSEC-2025-0112,CVE-2025-62711,UNKNOWN,wasmtime,2025-10-24 21:38:27.552851 UTC,272,24,0,0,0,0,0,24,0
RUSTSEC-2025-0118,CVE-2025-64345,LOW,wasmtime,2025-11-11 18:18:26.740777 UTC,286,286,218,76,6,6,30,244,0
RUSTSEC-2025-0125,CVE-2025-65947,HIGH,thread-amount,2025-11-21 17:06:57.401863 UTC,0,0,0,0,0,0,0,0,0
RUSTSEC-2025-0126,RUSTSEC-2025-0126,UNKNOWN,nftnl,2025-11-26 12:35:17.762888 UTC,2,2,2,100,0,0,2,0,0
RUSTSEC-2025-0128,CVE-2025-66017,UNKNOWN,cggmp24,2025-11-24 11:16:18.043454 UTC,0,0,0,0,0,0,0,0,0
RUSTSEC-2025-0129,CVE-2025-66016,UNKNOWN,cggmp21,2025-11-24 10:46:28.228234 UTC,0,0,0,0,0,0,0,0,0
RUSTSEC-2025-0130,CVE-2025-66016,UNKNOWN,cggmp24,2025-11-24 11:16:18.043454 UTC,0,0,0,0,0,0,0,0,0
RUSTSEC-2025-0132,RUSTSEC-2025-0132,UNKNOWN,maxminddb,2025-11-28 18:53:52.358925 UTC,46,46,46,100,0,0,46,0,0
RUSTSEC-2025-0133,RUSTSEC-2025-0133,UNKNOWN,libcrux-intrinsics,2025-11-05 14:29:34.815532 UTC,4,4,1,25,1,0,3,0,0
RUSTSEC-2025-0135,CVE-2025-66622,UNKNOWN,matrix-sdk-base,2025-12-04 09:50:34.702845 UTC,9,9,9,100,0,0,9,0,0
RUSTSEC-2025-0136,CVE-2025-67897,MEDIUM,sequoia-openpgp,2025-11-10 12:05:34.158838 UTC,83,83,41,49,0,0,4,79,0
RUSTSEC-2025-0137,RUSTSEC-2025-0137,UNKNOWN,ruint,2025-12-26 16:58:21.096770 UTC,71,71,2,2,2,0,0,69,0
RUSTSEC-2025-0138,CVE-2025-48935,UNKNOWN,deno,2025-03-21 05:37:25.341270 UTC,3,0,0,0,0,0,0,0,0
RUSTSEC-2025-0139,CVE-2025-69257,HIGH,theshit,2025-12-30 19:08:17.795841 UTC,0,0,0,0,0,0,0,0,0
RUSTSEC-2025-0140,RUSTSEC-2025-0140,UNKNOWN,gix-date,2025-12-31 19:56:56.318456 UTC,15,15,15,100,0,0,15,0,0
RUSTSEC-2026-0001,RUSTSEC-2026-0001,UNKNOWN,rkyv,2026-01-06 01:37:16.350033 UTC,397,397,17,4,12,1,383,1,0
RUSTSEC-2026-0002,RUSTSEC-2026-0002,INFO,lru,2026-01-07 12:18:27.791031 UTC,802,601,420,69,1,1,594,5,0
