root_rustsec_id,root_cve_id,root_target_crate,hop,upstream_crate,upstream_fix_version,upstream_fix_time,downstream_crate,downstream_version,downstream_time,lag_days,dep_req
RUSTSEC-2016-0001,CVE-2016-10931,openssl,1,openssl,0.9.0,2016-11-06 03:11:39.197825 UTC,acme-client,0.3.0,2017-02-22 18:39:14.695609 UTC,108,^0.9
RUSTSEC-2016-0001,CVE-2016-10931,openssl,1,openssl,0.9.0,2016-11-06 03:11:39.197825 UTC,atarashii_imap,0.3.0,2017-05-16 04:35:19.832153 UTC,191,^0.9.12
RUSTSEC-2016-0001,CVE-2016-10931,openssl,1,openssl,0.9.0,2016-11-06 03:11:39.197825 UTC,aws-sdk-rust,0.1.40,2017-02-15 18:22:40.640407 UTC,101,^0.9
RUSTSEC-2016-0001,CVE-2016-10931,openssl,1,openssl,0.9.0,2016-11-06 03:11:39.197825 UTC,cargo,0.15.0,2016-12-25 16:00:07.282341 UTC,49,^0.9
RUSTSEC-2016-0001,CVE-2016-10931,openssl,1,openssl,0.9.0,2016-11-06 03:11:39.197825 UTC,cookie,0.4.0,2016-11-21 15:59:01.919892 UTC,15,^0.9.0
RUSTSEC-2016-0001,CVE-2016-10931,openssl,1,openssl,0.9.0,2016-11-06 03:11:39.197825 UTC,crypto-hash,0.2.0,2016-11-07 01:29:37.740796 UTC,0,^0.9
RUSTSEC-2016-0001,CVE-2016-10931,openssl,1,openssl,0.9.0,2016-11-06 03:11:39.197825 UTC,dockworker,0.0.9,2019-02-14 02:38:00.547262 UTC,829,^0.10
RUSTSEC-2016-0001,CVE-2016-10931,openssl,1,openssl,0.9.0,2016-11-06 03:11:39.197825 UTC,frank_jwt,2.5.0,2017-05-16 04:06:13.041307 UTC,191,^0.9.12
RUSTSEC-2016-0001,CVE-2016-10931,openssl,1,openssl,0.9.0,2016-11-06 03:11:39.197825 UTC,ftp,3.0.0,2018-02-28 19:37:43.125459 UTC,479,^0.9
RUSTSEC-2016-0001,CVE-2016-10931,openssl,1,openssl,0.9.0,2016-11-06 03:11:39.197825 UTC,imap,0.3.1,2017-05-03 01:56:34.963340 UTC,177,^0.9
RUSTSEC-2016-0001,CVE-2016-10931,openssl,1,openssl,0.9.0,2016-11-06 03:11:39.197825 UTC,iron-hmac,0.6.0,2018-10-22 23:16:40.552078 UTC,715,^0.9
RUSTSEC-2016-0001,CVE-2016-10931,openssl,1,openssl,0.9.0,2016-11-06 03:11:39.197825 UTC,kafka,0.6.0,2017-04-28 15:51:03.184170 UTC,173,^0.9
RUSTSEC-2016-0001,CVE-2016-10931,openssl,1,openssl,0.9.0,2016-11-06 03:11:39.197825 UTC,kitchensink,0.4.0,2017-03-13 21:37:06.146898 UTC,127,^0.9
RUSTSEC-2016-0001,CVE-2016-10931,openssl,1,openssl,0.9.0,2016-11-06 03:11:39.197825 UTC,lettre,0.6.2,2017-02-18 17:37:19.168814 UTC,104,^0.9
RUSTSEC-2016-0001,CVE-2016-10931,openssl,1,openssl,0.9.0,2016-11-06 03:11:39.197825 UTC,mysql,9.0.0,2017-01-25 18:06:34.423729 UTC,80,~0.9
RUSTSEC-2016-0001,CVE-2016-10931,openssl,1,openssl,0.9.0,2016-11-06 03:11:39.197825 UTC,net-utils,0.0.3,2017-04-03 03:29:38.558331 UTC,148,^0.9.10
RUSTSEC-2016-0001,CVE-2016-10931,openssl,1,openssl,0.9.0,2016-11-06 03:11:39.197825 UTC,pop3,1.0.6,2017-03-02 23:51:59.473565 UTC,116,^0.9
RUSTSEC-2016-0001,CVE-2016-10931,openssl,1,openssl,0.9.0,2016-11-06 03:11:39.197825 UTC,portier_broker,0.2.0,2018-01-05 19:28:06.999591 UTC,425,^0.9.22
RUSTSEC-2016-0001,CVE-2016-10931,openssl,1,openssl,0.9.0,2016-11-06 03:11:39.197825 UTC,postgres,0.13.0,2016-11-06 05:29:03.788631 UTC,0,^0.9
RUSTSEC-2016-0001,CVE-2016-10931,openssl,1,openssl,0.9.0,2016-11-06 03:11:39.197825 UTC,rs-docker,0.0.45,2019-01-27 08:37:01.900756 UTC,812,^0.10.16
RUSTSEC-2016-0001,CVE-2016-10931,openssl,1,openssl,0.9.0,2016-11-06 03:11:39.197825 UTC,rsure,0.7.0,2017-08-06 18:46:07.292675 UTC,273,^0.9
RUSTSEC-2016-0001,CVE-2016-10931,openssl,1,openssl,0.9.0,2016-11-06 03:11:39.197825 UTC,rumqtt,0.10.0,2017-06-07 18:07:32.591051 UTC,213,^0.9
RUSTSEC-2016-0001,CVE-2016-10931,openssl,1,openssl,0.9.0,2016-11-06 03:11:39.197825 UTC,rust_cast,0.10.0,2017-12-02 12:15:25.582979 UTC,391,^0.9.22
RUSTSEC-2016-0001,CVE-2016-10931,openssl,1,openssl,0.9.0,2016-11-06 03:11:39.197825 UTC,servo-websocket,0.19.0,2017-03-06 17:58:03.135108 UTC,120,^0.9
RUSTSEC-2016-0001,CVE-2016-10931,openssl,1,openssl,0.9.0,2016-11-06 03:11:39.197825 UTC,sgxs,0.6.0-rc1,2018-11-19 10:04:03.544541 UTC,743,^0.10
RUSTSEC-2016-0001,CVE-2016-10931,openssl,1,openssl,0.9.0,2016-11-06 03:11:39.197825 UTC,shadowsocks-rust,1.0.3,2017-02-06 04:03:47.809114 UTC,92,^0.9
RUSTSEC-2016-0001,CVE-2016-10931,openssl,1,openssl,0.9.0,2016-11-06 03:11:39.197825 UTC,shiplift,0.3.2,2017-06-26 01:02:42.601172 UTC,231,^0.9
RUSTSEC-2016-0001,CVE-2016-10931,openssl,1,openssl,0.9.0,2016-11-06 03:11:39.197825 UTC,simple-stream,0.11.0,2023-06-23 14:58:25.175812 UTC,2420,^0.10
RUSTSEC-2016-0001,CVE-2016-10931,openssl,1,openssl,0.9.0,2016-11-06 03:11:39.197825 UTC,simple_jwt,1.0.0,2017-04-22 04:30:05.332166 UTC,167,^0.9.2
RUSTSEC-2016-0001,CVE-2016-10931,openssl,1,openssl,0.9.0,2016-11-06 03:11:39.197825 UTC,tenrus,0.1.1,2017-01-18 13:37:01.005001 UTC,73,^0.9.6
RUSTSEC-2016-0001,CVE-2016-10931,openssl,1,openssl,0.9.0,2016-11-06 03:11:39.197825 UTC,tiny_http,0.6.0,2018-03-28 08:00:57.262509 UTC,507,^0.10
RUSTSEC-2016-0001,CVE-2016-10931,openssl,1,openssl,0.9.0,2016-11-06 03:11:39.197825 UTC,tls-api-openssl,0.1.13,2018-02-08 15:44:48.348904 UTC,459,0.9.*
RUSTSEC-2016-0001,CVE-2016-10931,openssl,1,openssl,0.9.0,2016-11-06 03:11:39.197825 UTC,trust-dns,0.9.3,2016-12-31 20:45:40.772080 UTC,55,^0.9
RUSTSEC-2016-0001,CVE-2016-10931,openssl,1,openssl,0.9.0,2016-11-06 03:11:39.197825 UTC,trust-dns-server,0.9.3,2016-12-31 20:46:18.930084 UTC,55,^0.9
RUSTSEC-2016-0001,CVE-2016-10931,openssl,1,openssl,0.9.0,2016-11-06 03:11:39.197825 UTC,websocket,0.19.0,2017-04-05 18:03:43.548149 UTC,150,^0.9.10
RUSTSEC-2016-0001,CVE-2016-10931,openssl,1,openssl,0.9.0,2016-11-06 03:11:39.197825 UTC,ws,0.7.0,2017-03-30 23:15:27.125574 UTC,144,^0.9
RUSTSEC-2016-0001,CVE-2016-10931,openssl,1,openssl,0.9.0,2016-11-06 03:11:39.197825 UTC,yup-oauth2,1.0.2,2017-01-31 18:04:58.500726 UTC,86,^0.9.6
RUSTSEC-2016-0001,CVE-2016-10931,openssl,2,acme-client,0.3.0,2017-02-22 18:39:14.695609 UTC,letsencrypt-rs,0.1.4,2017-02-22 18:40:07.485108 UTC,0,^0.3
RUSTSEC-2016-0001,CVE-2016-10931,openssl,2,cargo,0.15.0,2016-12-25 16:00:07.282341 UTC,cargo-show,0.3.0,2017-03-18 01:08:41.984939 UTC,82,^0.17.0
RUSTSEC-2016-0001,CVE-2016-10931,openssl,2,cargo,0.15.0,2016-12-25 16:00:07.282341 UTC,cargo-local-registry,0.1.3,2017-04-27 18:38:17.255807 UTC,123,^0.18
RUSTSEC-2016-0001,CVE-2016-10931,openssl,2,cargo,0.15.0,2016-12-25 16:00:07.282341 UTC,cargo-bitbake,0.3.2,2017-04-16 14:14:57.807970 UTC,111,^0.17
RUSTSEC-2016-0001,CVE-2016-10931,openssl,2,cargo,0.15.0,2016-12-25 16:00:07.282341 UTC,cargo-ebuild,0.1.4,2017-04-17 14:17:05.960973 UTC,112,^0.17
RUSTSEC-2016-0001,CVE-2016-10931,openssl,2,cargo,0.15.0,2016-12-25 16:00:07.282341 UTC,cargo-vendor,0.1.4,2017-02-04 06:23:03.823266 UTC,40,^0.16
RUSTSEC-2016-0001,CVE-2016-10931,openssl,2,cargo,0.15.0,2016-12-25 16:00:07.282341 UTC,debcargo,2.0.0-rc.3,2018-06-06 09:51:47.476952 UTC,527,^0.27
RUSTSEC-2016-0001,CVE-2016-10931,openssl,2,cargo,0.15.0,2016-12-25 16:00:07.282341 UTC,dinghy,0.2.0,2017-02-10 13:26:16.338340 UTC,46,^0.16
RUSTSEC-2016-0001,CVE-2016-10931,openssl,2,cargo,0.15.0,2016-12-25 16:00:07.282341 UTC,cargo-lichking,0.4.0,2017-01-29 14:09:48.151062 UTC,34,^0.15
RUSTSEC-2016-0001,CVE-2016-10931,openssl,2,cargo,0.15.0,2016-12-25 16:00:07.282341 UTC,cargo-tree,0.9.0,2016-12-25 21:12:42.993217 UTC,0,^0.15
RUSTSEC-2016-0001,CVE-2016-10931,openssl,2,cargo,0.15.0,2016-12-25 16:00:07.282341 UTC,cargo-sphinx,1.1.0,2017-08-31 21:40:12.601748 UTC,249,^0.20.0
RUSTSEC-2016-0001,CVE-2016-10931,openssl,2,cargo,0.15.0,2016-12-25 16:00:07.282341 UTC,cargo-clone,0.1.1,2017-02-25 21:04:41.500673 UTC,62,^0.16.0
RUSTSEC-2016-0001,CVE-2016-10931,openssl,2,cargo,0.15.0,2016-12-25 16:00:07.282341 UTC,cargo-license,0.1.3,2017-03-18 12:38:06.015185 UTC,82,^0.17
RUSTSEC-2016-0001,CVE-2016-10931,openssl,2,cargo,0.15.0,2016-12-25 16:00:07.282341 UTC,cargo-travis,0.0.2,2017-02-26 18:12:23.807173 UTC,63,^0.16.0
RUSTSEC-2016-0001,CVE-2016-10931,openssl,2,cookie,0.4.0,2016-11-21 15:59:01.919892 UTC,conduit-cookie,0.8.1,2016-12-28 17:47:15.102995 UTC,37,^0.4
RUSTSEC-2016-0001,CVE-2016-10931,openssl,2,cookie,0.4.0,2016-11-21 15:59:01.919892 UTC,nickel-jwt-session,0.10.0,2017-07-29 22:50:38.559543 UTC,250,^0.9
RUSTSEC-2016-0001,CVE-2016-10931,openssl,2,cookie,0.4.0,2016-11-21 15:59:01.919892 UTC,hyper_serde,0.2.0,2016-12-07 20:21:26.146640 UTC,16,^0.4
RUSTSEC-2016-0001,CVE-2016-10931,openssl,2,cookie,0.4.0,2016-11-21 15:59:01.919892 UTC,iron-sessionstorage,0.4.0,2016-11-24 11:01:15.532478 UTC,2,^0.4
RUSTSEC-2016-0001,CVE-2016-10931,openssl,2,cookie,0.4.0,2016-11-21 15:59:01.919892 UTC,webdriver,0.21.0,2017-02-24 16:38:15.466460 UTC,95,^0.6
RUSTSEC-2016-0001,CVE-2016-10931,openssl,2,dockworker,0.0.9,2019-02-14 02:38:00.547262 UTC,procs,0.8.11,2019-10-07 16:36:19.283952 UTC,235,^0.0.15
RUSTSEC-2016-0001,CVE-2016-10931,openssl,2,lettre,0.6.2,2017-02-18 17:37:19.168814 UTC,mailstrom,0.4.0,2017-10-19 22:31:52.239937 UTC,243,^0.7
RUSTSEC-2016-0001,CVE-2016-10931,openssl,2,lettre,0.6.2,2017-02-18 17:37:19.168814 UTC,portier_broker,0.2.0,2018-01-05 19:28:06.999591 UTC,321,^0.7.0
RUSTSEC-2016-0001,CVE-2016-10931,openssl,2,mysql,9.0.0,2017-01-25 18:06:34.423729 UTC,r2d2_mysql,9.0.0,2018-07-30 16:13:47.006504 UTC,550,^14
RUSTSEC-2016-0001,CVE-2016-10931,openssl,2,postgres,0.13.0,2016-11-06 05:29:03.788631 UTC,r2d2_postgres,0.12.0,2017-02-22 03:44:32.371788 UTC,107,^0.14
RUSTSEC-2016-0001,CVE-2016-10931,openssl,2,postgres,0.13.0,2016-11-06 05:29:03.788631 UTC,dbmigrate,0.3.0,2017-01-09 07:26:04.699247 UTC,64,^0.13
RUSTSEC-2016-0001,CVE-2016-10931,openssl,2,postgres,0.13.0,2016-11-06 05:29:03.788631 UTC,tql,0.1.0,2018-02-10 21:38:42.172804 UTC,461,^0.15.1
RUSTSEC-2016-0001,CVE-2016-10931,openssl,2,postgres,0.13.0,2016-11-06 05:29:03.788631 UTC,trek,0.3.0,2016-11-20 18:00:30.928797 UTC,14,^0.13.1
RUSTSEC-2016-0001,CVE-2016-10931,openssl,2,postgres,0.13.0,2016-11-06 05:29:03.788631 UTC,nickel-diesel,0.5.0,2017-01-19 22:47:16.371924 UTC,74,^0.13
RUSTSEC-2016-0001,CVE-2016-10931,openssl,2,postgres,0.13.0,2016-11-06 05:29:03.788631 UTC,postgres_array,0.8.0,2017-07-19 15:24:58.830016 UTC,255,^0.14
RUSTSEC-2016-0001,CVE-2016-10931,openssl,2,postgres,0.13.0,2016-11-06 05:29:03.788631 UTC,rustorm,0.10.0,2018-03-06 17:35:25.304724 UTC,485,^0.15.1
RUSTSEC-2016-0001,CVE-2016-10931,openssl,2,postgres,0.13.0,2016-11-06 05:29:03.788631 UTC,postgres-binary-copy,0.4.0,2017-05-06 20:19:14.209643 UTC,181,^0.14
RUSTSEC-2016-0001,CVE-2016-10931,openssl,2,postgres,0.13.0,2016-11-06 05:29:03.788631 UTC,postgis,0.3.0,2016-12-05 09:48:38.825044 UTC,29,^0.13
RUSTSEC-2016-0001,CVE-2016-10931,openssl,2,postgres,0.13.0,2016-11-06 05:29:03.788631 UTC,postgres_large_object,0.6.0,2017-05-08 01:59:49.832079 UTC,182,^0.14
RUSTSEC-2016-0001,CVE-2016-10931,openssl,2,postgres,0.13.0,2016-11-06 05:29:03.788631 UTC,schemamama_postgres,0.2.0,2017-01-12 02:55:11.019924 UTC,66,^0.13
RUSTSEC-2016-0001,CVE-2016-10931,openssl,2,sgxs,0.6.0-rc1,2018-11-19 10:04:03.544541 UTC,sgxs-tools,0.6.0-rc1,2018-11-19 10:19:12.475447 UTC,0,^0.6.0-rc1
RUSTSEC-2016-0001,CVE-2016-10931,openssl,2,tiny_http,0.6.0,2018-03-28 08:00:57.262509 UTC,rouille,2.2.0,2018-09-01 12:27:09.003094 UTC,157,^0.6.0
RUSTSEC-2016-0001,CVE-2016-10931,openssl,2,tiny_http,0.6.0,2018-03-28 08:00:57.262509 UTC,fisher,1.0.0,2019-07-22 09:38:09.321149 UTC,481,^0.6.2
RUSTSEC-2016-0001,CVE-2016-10931,openssl,2,tiny_http,0.6.0,2018-03-28 08:00:57.262509 UTC,yubihsm,0.26.0,2019-06-22 05:53:10.492486 UTC,450,^0.6
RUSTSEC-2016-0001,CVE-2016-10931,openssl,2,tiny_http,0.6.0,2018-03-28 08:00:57.262509 UTC,cernan,0.9.0,2018-06-13 18:50:24.209359 UTC,77,^0.6
RUSTSEC-2016-0001,CVE-2016-10931,openssl,2,tiny_http,0.6.0,2018-03-28 08:00:57.262509 UTC,multipart,0.15.0,2018-07-08 20:21:25.774400 UTC,102,^0.6
RUSTSEC-2016-0001,CVE-2016-10931,openssl,2,tiny_http,0.6.0,2018-03-28 08:00:57.262509 UTC,abrute,0.1.10,2023-06-05 03:03:31.135767 UTC,1894,~0.8
RUSTSEC-2016-0001,CVE-2016-10931,openssl,2,trust-dns,0.9.3,2016-12-31 20:45:40.772080 UTC,trust-dns-server,0.10.0,2017-03-10 06:44:01.685922 UTC,68,^0.10
RUSTSEC-2016-0001,CVE-2016-10931,openssl,2,websocket,0.19.0,2017-04-05 18:03:43.548149 UTC,serenity,0.3.0,2017-06-24 16:49:33.637371 UTC,79,~0.20
RUSTSEC-2016-0001,CVE-2016-10931,openssl,2,websocket,0.19.0,2017-04-05 18:03:43.548149 UTC,touchpage,0.2.0,2019-10-11 17:22:34.732832 UTC,918,^0.23.0
RUSTSEC-2016-0001,CVE-2016-10931,openssl,2,websocket,0.19.0,2017-04-05 18:03:43.548149 UTC,websocat,1.0.0-alpha,2018-05-10 17:18:06.645129 UTC,399,^0.20.2
RUSTSEC-2016-0001,CVE-2016-10931,openssl,2,websocket,0.19.0,2017-04-05 18:03:43.548149 UTC,aurelius,0.1.15,2017-04-10 15:06:01.009725 UTC,4,^0.19
RUSTSEC-2016-0001,CVE-2016-10931,openssl,2,websocket,0.19.0,2017-04-05 18:03:43.548149 UTC,mould,0.0.20,2017-04-13 06:51:30.228405 UTC,7,^0.19.1
RUSTSEC-2016-0001,CVE-2016-10931,openssl,2,ws,0.7.0,2017-03-30 23:15:27.125574 UTC,mdbook,0.0.22,2017-05-19 17:40:34.706126 UTC,49,^0.7
RUSTSEC-2016-0001,CVE-2016-10931,openssl,2,ws,0.7.0,2017-03-30 23:15:27.125574 UTC,gutenberg,0.0.3,2017-04-05 13:23:58.325145 UTC,5,^0.7
RUSTSEC-2016-0001,CVE-2016-10931,openssl,2,ws,0.7.0,2017-03-30 23:15:27.125574 UTC,maidsafe_utilities,0.11.2,2017-04-06 10:35:21.613881 UTC,6,~0.7.0
RUSTSEC-2016-0001,CVE-2016-10931,openssl,2,yup-oauth2,1.0.2,2017-01-31 18:04:58.500726 UTC,google-deploymentmanager2_beta2,2.0.0+20160201,2021-04-02 00:08:42.757415 UTC,1521,^5.0
RUSTSEC-2016-0001,CVE-2016-10931,openssl,2,yup-oauth2,1.0.2,2017-01-31 18:04:58.500726 UTC,google-calendar3-cli,2.0.0+20210327,2021-04-02 12:56:56.442180 UTC,1521,^5.0
RUSTSEC-2016-0001,CVE-2016-10931,openssl,2,yup-oauth2,1.0.2,2017-01-31 18:04:58.500726 UTC,google-appsactivity1,2.0.0+20200628,2021-04-01 15:55:23.627330 UTC,1520,^5.0
RUSTSEC-2016-0001,CVE-2016-10931,openssl,2,yup-oauth2,1.0.2,2017-01-31 18:04:58.500726 UTC,google-gan1_beta1-cli,2.0.0+20130205,2021-04-02 13:22:15.160327 UTC,1521,^5.0
RUSTSEC-2016-0001,CVE-2016-10931,openssl,2,yup-oauth2,1.0.2,2017-01-31 18:04:58.500726 UTC,google-dataproc1-cli,2.0.0+20210322,2021-04-02 13:09:06.879396 UTC,1521,^5.0
RUSTSEC-2016-0001,CVE-2016-10931,openssl,2,yup-oauth2,1.0.2,2017-01-31 18:04:58.500726 UTC,google-games1,2.0.0+20210325,2021-04-02 00:11:13.667344 UTC,1521,^5.0
RUSTSEC-2016-0001,CVE-2016-10931,openssl,2,yup-oauth2,1.0.2,2017-01-31 18:04:58.500726 UTC,google-customsearch1,2.0.0+20210330,2021-04-02 00:08:04.475926 UTC,1521,^5.0
RUSTSEC-2016-0001,CVE-2016-10931,openssl,2,yup-oauth2,1.0.2,2017-01-31 18:04:58.500726 UTC,google-gamesconfiguration1_configuration,2.0.0+20210325,2021-04-02 00:11:16.696487 UTC,1521,^5.0
RUSTSEC-2016-0001,CVE-2016-10931,openssl,2,yup-oauth2,1.0.2,2017-01-31 18:04:58.500726 UTC,google-appengine1_beta5,2.0.0+20181005,2021-04-01 15:55:20.878676 UTC,1520,^5.0
RUSTSEC-2016-0001,CVE-2016-10931,openssl,2,yup-oauth2,1.0.2,2017-01-31 18:04:58.500726 UTC,google-doubleclickbidmanager1-cli,2.0.0+20210323,2021-04-02 14:12:24.569269 UTC,1521,^5.0
RUSTSEC-2016-0001,CVE-2016-10931,openssl,2,yup-oauth2,1.0.2,2017-01-31 18:04:58.500726 UTC,google-logging2_beta1-cli,2.0.0+20190325,2021-04-03 01:30:42.737239 UTC,1522,^5.0
RUSTSEC-2016-0001,CVE-2016-10931,openssl,2,yup-oauth2,1.0.2,2017-01-31 18:04:58.500726 UTC,google-prediction1d6,2.0.0+20160511,2021-04-01 16:11:30.947838 UTC,1520,^5.0
RUSTSEC-2016-0001,CVE-2016-10931,openssl,2,yup-oauth2,1.0.2,2017-01-31 18:04:58.500726 UTC,google-appengine1-cli,2.0.0+20210324,2021-04-02 12:52:53.369620 UTC,1521,^5.0
RUSTSEC-2016-0001,CVE-2016-10931,openssl,2,yup-oauth2,1.0.2,2017-01-31 18:04:58.500726 UTC,google-resourceviews1_beta2,2.0.0+20160512,2021-04-02 12:42:50.495162 UTC,1521,^5.0
RUSTSEC-2016-0001,CVE-2016-10931,openssl,2,yup-oauth2,1.0.2,2017-01-31 18:04:58.500726 UTC,google-tasks1,2.0.0+20210329,2021-04-02 12:45:22.984419 UTC,1521,^5.0
RUSTSEC-2016-0001,CVE-2016-10931,openssl,2,yup-oauth2,1.0.2,2017-01-31 18:04:58.500726 UTC,google-adexchangeseller2,2.0.0+20171101,2021-04-01 15:53:17.864544 UTC,1520,^5.0
RUSTSEC-2016-0001,CVE-2016-10931,openssl,2,yup-oauth2,1.0.2,2017-01-31 18:04:58.500726 UTC,google-consumersurveys2,2.0.0+20170407,2021-04-02 00:07:41.611814 UTC,1521,^5.0
RUSTSEC-2016-0001,CVE-2016-10931,openssl,2,yup-oauth2,1.0.2,2017-01-31 18:04:58.500726 UTC,google-urlshortener1-cli,2.0.0+20150519,2021-04-02 14:23:36.270329 UTC,1521,^5.0
RUSTSEC-2016-0001,CVE-2016-10931,openssl,2,yup-oauth2,1.0.2,2017-01-31 18:04:58.500726 UTC,google-youtubereporting1-cli,2.0.0+20210329,2021-04-03 01:35:59.194983 UTC,1522,^5.0
RUSTSEC-2016-0001,CVE-2016-10931,openssl,2,yup-oauth2,1.0.2,2017-01-31 18:04:58.500726 UTC,google-adexchangebuyer1d3,2.0.0+20210330,2021-04-01 15:52:59.565185 UTC,1520,^5.0
RUSTSEC-2016-0001,CVE-2016-10931,openssl,2,yup-oauth2,1.0.2,2017-01-31 18:04:58.500726 UTC,google-monitoring3-cli,2.0.0+20210322,2021-04-02 14:15:28.592147 UTC,1521,^5.0
RUSTSEC-2016-0001,CVE-2016-10931,openssl,2,yup-oauth2,1.0.2,2017-01-31 18:04:58.500726 UTC,google-iam1,2.0.0+20210325,2021-04-02 00:19:14.147762 UTC,1521,^5.0
RUSTSEC-2016-0001,CVE-2016-10931,openssl,2,yup-oauth2,1.0.2,2017-01-31 18:04:58.500726 UTC,google-cloudlatencytest2,2.0.0+20160309,2021-04-02 00:07:02.162052 UTC,1521,^5.0
RUSTSEC-2016-0001,CVE-2016-10931,openssl,2,yup-oauth2,1.0.2,2017-01-31 18:04:58.500726 UTC,google-fitness1,2.0.0+20210323,2021-04-02 00:11:04.297892 UTC,1521,^5.0
RUSTSEC-2016-0001,CVE-2016-10931,openssl,2,yup-oauth2,1.0.2,2017-01-31 18:04:58.500726 UTC,google-licensing1,2.0.0+20210329,2021-04-02 00:19:35.882358 UTC,1521,^5.0
RUSTSEC-2016-0001,CVE-2016-10931,openssl,2,yup-oauth2,1.0.2,2017-01-31 18:04:58.500726 UTC,google-groupssettings1-cli,2.0.0+20210325,2021-04-03 01:30:18.918956 UTC,1522,^5.0
RUSTSEC-2016-0001,CVE-2016-10931,openssl,2,yup-oauth2,1.0.2,2017-01-31 18:04:58.500726 UTC,google-adexchangebuyer1d4,2.0.0+20210330,2021-04-01 15:53:07.182588 UTC,1520,^5.0
RUSTSEC-2016-0001,CVE-2016-10931,openssl,2,yup-oauth2,1.0.2,2017-01-31 18:04:58.500726 UTC,google-content2,2.0.0+20210325,2021-04-01 16:00:58.850138 UTC,1520,^5.0
RUSTSEC-2016-0001,CVE-2016-10931,openssl,2,yup-oauth2,1.0.2,2017-01-31 18:04:58.500726 UTC,google-webfonts1,2.0.0+20210326,2021-04-02 12:46:23.087590 UTC,1521,^5.0
RUSTSEC-2016-0001,CVE-2016-10931,openssl,2,yup-oauth2,1.0.2,2017-01-31 18:04:58.500726 UTC,google-webmasters3-cli,2.0.0+20190428,2021-04-03 01:35:44.742294 UTC,1522,^5.0
RUSTSEC-2016-0001,CVE-2016-10931,openssl,2,yup-oauth2,1.0.2,2017-01-31 18:04:58.500726 UTC,google-playmoviespartner1-cli,2.0.0+20170919,2021-04-02 13:33:36.864910 UTC,1521,^5.0
RUSTSEC-2016-0001,CVE-2016-10931,openssl,2,yup-oauth2,1.0.2,2017-01-31 18:04:58.500726 UTC,google-replicapoolupdater1_beta1-cli,2.0.0+20161003,2021-04-02 14:17:37.077326 UTC,1521,^5.0
RUSTSEC-2016-0001,CVE-2016-10931,openssl,2,yup-oauth2,1.0.2,2017-01-31 18:04:58.500726 UTC,google-appsactivity1-cli,2.0.0+20200628,2021-04-02 14:10:53.966332 UTC,1521,^5.0
RUSTSEC-2016-0001,CVE-2016-10931,openssl,2,yup-oauth2,1.0.2,2017-01-31 18:04:58.500726 UTC,google-discovery1,2.0.0+20200806,2021-04-01 16:04:12.213920 UTC,1520,^5.0
RUSTSEC-2016-0001,CVE-2016-10931,openssl,2,yup-oauth2,1.0.2,2017-01-31 18:04:58.500726 UTC,google-safebrowsing4,2.0.0+20210330,2021-04-02 12:43:12.476726 UTC,1521,^5.0
RUSTSEC-2016-0001,CVE-2016-10931,openssl,2,yup-oauth2,1.0.2,2017-01-31 18:04:58.500726 UTC,google-spectrum1_explorer-cli,2.0.0+20170306,2021-04-02 14:19:28.943252 UTC,1521,^5.0
RUSTSEC-2016-0001,CVE-2016-10931,openssl,2,yup-oauth2,1.0.2,2017-01-31 18:04:58.500726 UTC,google-storage1,2.0.0+20210330,2021-04-02 12:44:50.998141 UTC,1521,^5.0
RUSTSEC-2016-0001,CVE-2016-10931,openssl,2,yup-oauth2,1.0.2,2017-01-31 18:04:58.500726 UTC,google-storagetransfer1,2.0.0+20210316,2021-04-02 12:44:54.921518 UTC,1521,^5.0
RUSTSEC-2016-0001,CVE-2016-10931,openssl,2,yup-oauth2,1.0.2,2017-01-31 18:04:58.500726 UTC,google-youtube3-cli,2.0.0+20210330,2021-04-03 01:35:53.653407 UTC,1522,^5.0
RUSTSEC-2016-0001,CVE-2016-10931,openssl,2,yup-oauth2,1.0.2,2017-01-31 18:04:58.500726 UTC,google-container1-cli,2.0.0+20210314,2021-04-02 13:06:17.193745 UTC,1521,^5.0
RUSTSEC-2016-0001,CVE-2016-10931,openssl,2,yup-oauth2,1.0.2,2017-01-31 18:04:58.500726 UTC,google-calendar3,2.0.0+20210327,2021-04-01 15:56:53.005744 UTC,1520,^5.0
RUSTSEC-2016-0001,CVE-2016-10931,openssl,2,yup-oauth2,1.0.2,2017-01-31 18:04:58.500726 UTC,google-manufacturers1,2.0.0+20210325,2021-04-02 00:30:48.086573 UTC,1521,^5.0
RUSTSEC-2016-0001,CVE-2016-10931,openssl,2,yup-oauth2,1.0.2,2017-01-31 18:04:58.500726 UTC,google-drive3,2.0.0+20210322,2021-04-02 00:10:16.918676 UTC,1521,^5.0
RUSTSEC-2016-0001,CVE-2016-10931,openssl,2,yup-oauth2,1.0.2,2017-01-31 18:04:58.500726 UTC,google-pubsub1-cli,2.0.0+20210322,2021-04-02 13:35:32.529113 UTC,1521,^5.0
RUSTSEC-2016-0001,CVE-2016-10931,openssl,2,yup-oauth2,1.0.2,2017-01-31 18:04:58.500726 UTC,google-appengine1,2.0.0+20210324,2021-04-01 15:55:09.494816 UTC,1520,^5.0
RUSTSEC-2016-0001,CVE-2016-10931,openssl,2,yup-oauth2,1.0.2,2017-01-31 18:04:58.500726 UTC,google-partners2,2.0.0+20180925,2021-04-02 00:31:40.523335 UTC,1521,^5.0
RUSTSEC-2016-0001,CVE-2016-10931,openssl,2,yup-oauth2,1.0.2,2017-01-31 18:04:58.500726 UTC,google-qpxexpress1,2.0.0+20160708,2021-04-02 12:42:13.530723 UTC,1521,^5.0
RUSTSEC-2016-0001,CVE-2016-10931,openssl,2,yup-oauth2,1.0.2,2017-01-31 18:04:58.500726 UTC,google-playmoviespartner1,2.0.0+20170919,2021-04-02 12:41:23.178512 UTC,1521,^5.0
RUSTSEC-2016-0001,CVE-2016-10931,openssl,2,yup-oauth2,1.0.2,2017-01-31 18:04:58.500726 UTC,google-deploymentmanager2,2.0.0+20210320,2021-04-01 16:02:06.461541 UTC,1520,^5.0
RUSTSEC-2016-0001,CVE-2016-10931,openssl,2,yup-oauth2,1.0.2,2017-01-31 18:04:58.500726 UTC,google-replicapool1_beta2-cli,2.0.0+20160512,2021-04-02 13:37:45.255482 UTC,1521,^5.0
RUSTSEC-2016-0001,CVE-2016-10931,openssl,2,yup-oauth2,1.0.2,2017-01-31 18:04:58.500726 UTC,google-licensing1-cli,2.0.0+20210329,2021-04-03 01:30:38.032994 UTC,1522,^5.0
RUSTSEC-2016-0001,CVE-2016-10931,openssl,2,yup-oauth2,1.0.2,2017-01-31 18:04:58.500726 UTC,google-firebasedynamiclinks1,2.0.0+20210329,2021-04-02 00:10:45.296415 UTC,1521,^5.0
RUSTSEC-2016-0001,CVE-2016-10931,openssl,2,yup-oauth2,1.0.2,2017-01-31 18:04:58.500726 UTC,google-taskqueue1_beta2-cli,2.0.0+20160428,2021-04-03 01:35:02.190639 UTC,1522,^5.0
RUSTSEC-2016-0001,CVE-2016-10931,openssl,2,yup-oauth2,1.0.2,2017-01-31 18:04:58.500726 UTC,google-reseller1_sandbox,2.0.0+20160329,2021-04-02 12:42:47.055490 UTC,1521,^5.0
RUSTSEC-2016-0001,CVE-2016-10931,openssl,2,yup-oauth2,1.0.2,2017-01-31 18:04:58.500726 UTC,google-safebrowsing4-cli,2.0.0+20210330,2021-04-03 01:33:16.219194 UTC,1522,^5.0
RUSTSEC-2016-0001,CVE-2016-10931,openssl,2,yup-oauth2,1.0.2,2017-01-31 18:04:58.500726 UTC,google-serviceregistryalpha-cli,2.0.0+20160401,2021-04-03 01:33:58.457164 UTC,1522,^5.0
RUSTSEC-2016-0001,CVE-2016-10931,openssl,2,yup-oauth2,1.0.2,2017-01-31 18:04:58.500726 UTC,google-books1-cli,2.0.0+20210326,2021-04-02 12:56:44.284974 UTC,1521,^5.0
RUSTSEC-2016-0001,CVE-2016-10931,openssl,2,yup-oauth2,1.0.2,2017-01-31 18:04:58.500726 UTC,google-clouddebugger2,2.0.0+20210326,2021-04-01 15:57:53.664092 UTC,1520,^5.0
RUSTSEC-2016-0001,CVE-2016-10931,openssl,2,yup-oauth2,1.0.2,2017-01-31 18:04:58.500726 UTC,google-pubsub1_beta2,2.0.0+20210322,2021-04-02 12:42:04.432376 UTC,1521,^5.0
RUSTSEC-2016-0001,CVE-2016-10931,openssl,2,yup-oauth2,1.0.2,2017-01-31 18:04:58.500726 UTC,google-identitytoolkit3-cli,2.0.0+20180723,2021-04-02 13:25:52.208123 UTC,1521,^5.0
RUSTSEC-2016-0001,CVE-2016-10931,openssl,2,yup-oauth2,1.0.2,2017-01-31 18:04:58.500726 UTC,google-appengine1_beta4-cli,2.0.0+20181005,2021-04-02 12:53:04.902062 UTC,1521,^5.0
RUSTSEC-2016-0001,CVE-2016-10931,openssl,2,yup-oauth2,1.0.2,2017-01-31 18:04:58.500726 UTC,google-tagmanager1,2.0.0+20210330,2021-04-02 12:45:08.375645 UTC,1521,^5.0
RUSTSEC-2016-0001,CVE-2016-10931,openssl,2,yup-oauth2,1.0.2,2017-01-31 18:04:58.500726 UTC,google-proximitybeacon1_beta1,2.0.0+20200127,2021-04-02 12:41:52.010183 UTC,1521,^5.0
RUSTSEC-2016-0001,CVE-2016-10931,openssl,2,yup-oauth2,1.0.2,2017-01-31 18:04:58.500726 UTC,google-people1-cli,2.0.0+20210330,2021-04-03 01:31:46.013628 UTC,1522,^5.0
RUSTSEC-2016-0001,CVE-2016-10931,openssl,2,yup-oauth2,1.0.2,2017-01-31 18:04:58.500726 UTC,google-tasks1-cli,2.0.0+20210329,2021-04-02 14:22:02.311087 UTC,1521,^5.0
RUSTSEC-2016-0001,CVE-2016-10931,openssl,2,yup-oauth2,1.0.2,2017-01-31 18:04:58.500726 UTC,google-bigquery2-cli,2.0.0+20210327,2021-04-02 12:54:45.613093 UTC,1521,^5.0
RUSTSEC-2016-0001,CVE-2016-10931,openssl,2,yup-oauth2,1.0.2,2017-01-31 18:04:58.500726 UTC,google-logging2,2.0.0+20210325,2021-04-02 00:19:46.244116 UTC,1521,^5.0
RUSTSEC-2016-0001,CVE-2016-10931,openssl,2,yup-oauth2,1.0.2,2017-01-31 18:04:58.500726 UTC,google-adsensehost4d1,2.0.0+20200930,2021-04-01 15:53:43.340016 UTC,1520,^5.0
RUSTSEC-2016-0001,CVE-2016-10931,openssl,2,yup-oauth2,1.0.2,2017-01-31 18:04:58.500726 UTC,google-youtube3,2.0.0+20210330,2021-04-02 13:46:27.038493 UTC,1521,^5.0
RUSTSEC-2016-0001,CVE-2016-10931,openssl,2,yup-oauth2,1.0.2,2017-01-31 18:04:58.500726 UTC,google-pubsub1_beta2-cli,2.0.0+20210322,2021-04-02 13:35:44.485749 UTC,1521,^5.0
RUSTSEC-2016-0001,CVE-2016-10931,openssl,2,yup-oauth2,1.0.2,2017-01-31 18:04:58.500726 UTC,google-replicapool1_beta2,2.0.0+20160512,2021-04-02 12:42:37.324801 UTC,1521,^5.0
RUSTSEC-2016-0001,CVE-2016-10931,openssl,2,yup-oauth2,1.0.2,2017-01-31 18:04:58.500726 UTC,google-cloudtrace1-cli,2.0.0+20210319,2021-04-02 13:03:25.484823 UTC,1521,^5.0
RUSTSEC-2016-0001,CVE-2016-10931,openssl,2,yup-oauth2,1.0.2,2017-01-31 18:04:58.500726 UTC,google-genomics1-cli,2.0.0+20210324,2021-04-02 13:22:25.866033 UTC,1521,^5.0
RUSTSEC-2016-0001,CVE-2016-10931,openssl,2,yup-oauth2,1.0.2,2017-01-31 18:04:58.500726 UTC,google-pagespeedonline2-cli,2.0.0+20191206,2021-04-03 01:31:32.934665 UTC,1522,^5.0
RUSTSEC-2016-0001,CVE-2016-10931,openssl,2,yup-oauth2,1.0.2,2017-01-31 18:04:58.500726 UTC,google-prediction1d6-cli,2.0.0+20160511,2021-04-03 01:32:09.137042 UTC,1522,^5.0
RUSTSEC-2016-0001,CVE-2016-10931,openssl,2,yup-oauth2,1.0.2,2017-01-31 18:04:58.500726 UTC,google-pubsub1,2.0.0+20210322,2021-04-02 12:41:55.815928 UTC,1521,^5.0
RUSTSEC-2016-0001,CVE-2016-10931,openssl,2,yup-oauth2,1.0.2,2017-01-31 18:04:58.500726 UTC,google-plusdomains1,2.0.0+20190616,2021-04-02 12:41:33.533045 UTC,1521,^5.0
RUSTSEC-2016-0001,CVE-2016-10931,openssl,2,yup-oauth2,1.0.2,2017-01-31 18:04:58.500726 UTC,google-storagetransfer1-cli,2.0.0+20210316,2021-04-02 14:20:47.162288 UTC,1521,^5.0
RUSTSEC-2016-0001,CVE-2016-10931,openssl,2,yup-oauth2,1.0.2,2017-01-31 18:04:58.500726 UTC,google-surveys2-cli,2.0.0+20180508,2021-04-02 14:21:08.145230 UTC,1521,^5.0
RUSTSEC-2016-0001,CVE-2016-10931,openssl,2,yup-oauth2,1.0.2,2017-01-31 18:04:58.500726 UTC,google-webfonts1-cli,2.0.0+20210326,2021-04-03 01:35:37.774491 UTC,1522,^5.0
RUSTSEC-2016-0001,CVE-2016-10931,openssl,2,yup-oauth2,1.0.2,2017-01-31 18:04:58.500726 UTC,google-appengine1_beta4,2.0.0+20181005,2021-04-01 15:55:15.460697 UTC,1520,^5.0
RUSTSEC-2016-0001,CVE-2016-10931,openssl,2,yup-oauth2,1.0.2,2017-01-31 18:04:58.500726 UTC,google-tagmanager1-cli,2.0.0+20210330,2021-04-03 01:34:56.795266 UTC,1522,^5.0
RUSTSEC-2016-0001,CVE-2016-10931,openssl,2,yup-oauth2,1.0.2,2017-01-31 18:04:58.500726 UTC,google-androidenterprise1,2.0.0+20210324,2021-04-01 15:54:25.439952 UTC,1520,^5.0
RUSTSEC-2016-0001,CVE-2016-10931,openssl,2,yup-oauth2,1.0.2,2017-01-31 18:04:58.500726 UTC,google-fitness1-cli,2.0.0+20210323,2021-04-02 13:20:58.047649 UTC,1521,^5.0
RUSTSEC-2016-0001,CVE-2016-10931,openssl,2,yup-oauth2,1.0.2,2017-01-31 18:04:58.500726 UTC,google-manager1_beta2,2.0.0+20140915,2021-04-02 00:30:39.344386 UTC,1521,^5.0
RUSTSEC-2016-0001,CVE-2016-10931,openssl,2,yup-oauth2,1.0.2,2017-01-31 18:04:58.500726 UTC,google-cloudlatencytest2-cli,2.0.0+20160309,2021-04-02 13:00:42.185805 UTC,1521,^5.0
RUSTSEC-2016-0001,CVE-2016-10931,openssl,2,yup-oauth2,1.0.2,2017-01-31 18:04:58.500726 UTC,google-appstate1-cli,2.0.0+20190627,2021-04-02 13:48:12.758147 UTC,1521,^5.0
RUSTSEC-2016-0001,CVE-2016-10931,openssl,2,yup-oauth2,1.0.2,2017-01-31 18:04:58.500726 UTC,google-plus1,2.0.0+20190616,2021-04-02 12:41:29.006703 UTC,1521,^5.0
RUSTSEC-2016-0001,CVE-2016-10931,openssl,2,yup-oauth2,1.0.2,2017-01-31 18:04:58.500726 UTC,google-firebasedynamiclinks1-cli,2.0.0+20210329,2021-04-02 14:13:05.276649 UTC,1521,^5.0
RUSTSEC-2016-0001,CVE-2016-10931,openssl,2,yup-oauth2,1.0.2,2017-01-31 18:04:58.500726 UTC,google-blogger3-cli,2.0.0+20210331,2021-04-02 12:56:24.242871 UTC,1521,^5.0
RUSTSEC-2016-0001,CVE-2016-10931,openssl,2,yup-oauth2,1.0.2,2017-01-31 18:04:58.500726 UTC,google-plusdomains1-cli,2.0.0+20190616,2021-04-03 01:31:57.001677 UTC,1522,^5.0
RUSTSEC-2016-0001,CVE-2016-10931,openssl,2,yup-oauth2,1.0.2,2017-01-31 18:04:58.500726 UTC,google-youtubereporting1,2.0.0+20210329,2021-04-02 12:46:52.223957 UTC,1521,^5.0
RUSTSEC-2016-0001,CVE-2016-10931,openssl,2,yup-oauth2,1.0.2,2017-01-31 18:04:58.500726 UTC,google-bigquery2,2.0.0+20210327,2021-04-01 15:55:56.942331 UTC,1520,^5.0
RUSTSEC-2016-0001,CVE-2016-10931,openssl,2,yup-oauth2,1.0.2,2017-01-31 18:04:58.500726 UTC,google-discovery1-cli,2.0.0+20200806,2021-04-02 13:14:38.273431 UTC,1521,^5.0
RUSTSEC-2016-0001,CVE-2016-10931,openssl,2,yup-oauth2,1.0.2,2017-01-31 18:04:58.500726 UTC,google-drive2,2.0.0+20210322,2021-04-02 00:10:13.525904 UTC,1521,^5.0
RUSTSEC-2016-0001,CVE-2016-10931,openssl,2,yup-oauth2,1.0.2,2017-01-31 18:04:58.500726 UTC,google-proximitybeacon1_beta1-cli,2.0.0+20200127,2021-04-03 01:32:21.952724 UTC,1522,^5.0
RUSTSEC-2016-0001,CVE-2016-10931,openssl,2,yup-oauth2,1.0.2,2017-01-31 18:04:58.500726 UTC,google-serviceregistryalpha,2.0.0+20160401,2021-04-02 12:44:00.454546 UTC,1521,^5.0
RUSTSEC-2016-0001,CVE-2016-10931,openssl,2,yup-oauth2,1.0.2,2017-01-31 18:04:58.500726 UTC,google-monitoring3,2.0.0+20210322,2021-04-02 00:31:09.719152 UTC,1521,^5.0
RUSTSEC-2016-0001,CVE-2016-10931,openssl,2,yup-oauth2,1.0.2,2017-01-31 18:04:58.500726 UTC,google-cloudresourcemanager1_beta1-cli,2.0.0+20210328,2021-04-02 14:11:43.456827 UTC,1521,^5.0
RUSTSEC-2016-0001,CVE-2016-10931,openssl,2,yup-oauth2,1.0.2,2017-01-31 18:04:58.500726 UTC,google-compute1,2.0.0+20210316,2021-04-01 16:00:25.040310 UTC,1520,^5.0
RUSTSEC-2016-0001,CVE-2016-10931,openssl,2,yup-oauth2,1.0.2,2017-01-31 18:04:58.500726 UTC,google-cloudresourcemanager1,2.0.0+20210328,2021-04-02 00:07:10.341038 UTC,1521,^5.0
RUSTSEC-2016-0001,CVE-2016-10931,openssl,2,yup-oauth2,1.0.2,2017-01-31 18:04:58.500726 UTC,google-logging2_beta1,2.0.0+20190325,2021-04-02 00:19:49.689758 UTC,1521,^5.0
RUSTSEC-2016-0001,CVE-2016-10931,openssl,2,yup-oauth2,1.0.2,2017-01-31 18:04:58.500726 UTC,google-dns1,2.0.0+20210319,2021-04-02 00:09:44.199103 UTC,1521,^5.0
RUSTSEC-2016-0001,CVE-2016-10931,openssl,2,yup-oauth2,1.0.2,2017-01-31 18:04:58.500726 UTC,google-customsearch1-cli,2.0.0+20210330,2021-04-02 13:07:35.006428 UTC,1521,^5.0
RUSTSEC-2016-0001,CVE-2016-10931,openssl,2,yup-oauth2,1.0.2,2017-01-31 18:04:58.500726 UTC,google-autoscaler1_beta2,2.0.0+20150629,2021-04-01 15:55:47.989574 UTC,1520,^5.0
RUSTSEC-2016-0001,CVE-2016-10931,openssl,2,yup-oauth2,1.0.2,2017-01-31 18:04:58.500726 UTC,google-adexchangebuyer1d3-cli,2.0.0+20210330,2021-04-02 13:46:57.075224 UTC,1521,^5.0
RUSTSEC-2016-0001,CVE-2016-10931,openssl,2,yup-oauth2,1.0.2,2017-01-31 18:04:58.500726 UTC,google-gmail1,2.0.0+20210322,2021-04-02 00:11:36.628206 UTC,1521,^5.0
RUSTSEC-2016-0001,CVE-2016-10931,openssl,2,yup-oauth2,1.0.2,2017-01-31 18:04:58.500726 UTC,google-identitytoolkit3,2.0.0+20180723,2021-04-01 16:08:17.784635 UTC,1520,^5.0
RUSTSEC-2016-0001,CVE-2016-10931,openssl,2,yup-oauth2,1.0.2,2017-01-31 18:04:58.500726 UTC,google-people1,2.0.0+20210330,2021-04-02 12:41:07.836073 UTC,1521,^5.0
RUSTSEC-2016-0001,CVE-2016-10931,openssl,2,yup-oauth2,1.0.2,2017-01-31 18:04:58.500726 UTC,google-container1,2.0.0+20210314,2021-04-01 16:00:39.567326 UTC,1520,^5.0
RUSTSEC-2016-0001,CVE-2016-10931,openssl,2,yup-oauth2,1.0.2,2017-01-31 18:04:58.500726 UTC,google-adexchangebuyer1d4-cli,2.0.0+20210330,2021-04-02 14:09:48.160439 UTC,1521,^5.0
RUSTSEC-2016-0001,CVE-2016-10931,openssl,2,yup-oauth2,1.0.2,2017-01-31 18:04:58.500726 UTC,google-groupssettings1,2.0.0+20210325,2021-04-02 00:11:47.366428 UTC,1521,^5.0
RUSTSEC-2016-0001,CVE-2016-10931,openssl,2,yup-oauth2,1.0.2,2017-01-31 18:04:58.500726 UTC,google-androidpublisher2-cli,2.0.0+20200331,2021-04-02 12:51:45.043064 UTC,1521,^5.0
RUSTSEC-2016-0001,CVE-2016-10931,openssl,2,yup-oauth2,1.0.2,2017-01-31 18:04:58.500726 UTC,google-content2-cli,2.0.0+20210325,2021-04-02 13:06:58.728846 UTC,1521,^5.0
RUSTSEC-2016-0001,CVE-2016-10931,openssl,2,yup-oauth2,1.0.2,2017-01-31 18:04:58.500726 UTC,google-reseller1_sandbox-cli,2.0.0+20160329,2021-04-03 01:32:51.705370 UTC,1522,^5.0
RUSTSEC-2016-0001,CVE-2016-10931,openssl,2,yup-oauth2,1.0.2,2017-01-31 18:04:58.500726 UTC,google-doubleclickbidmanager1,2.0.0+20210323,2021-04-01 16:05:12.098695 UTC,1520,^5.0
RUSTSEC-2016-0001,CVE-2016-10931,openssl,2,yup-oauth2,1.0.2,2017-01-31 18:04:58.500726 UTC,google-logging2-cli,2.0.0+20210325,2021-04-02 13:27:52.828282 UTC,1521,^5.0
RUSTSEC-2016-0001,CVE-2016-10931,openssl,2,yup-oauth2,1.0.2,2017-01-31 18:04:58.500726 UTC,google-spectrum1_explorer,2.0.0+20170306,2021-04-02 12:44:26.100003 UTC,1521,^5.0
RUSTSEC-2016-0001,CVE-2016-10931,openssl,2,yup-oauth2,1.0.2,2017-01-31 18:04:58.500726 UTC,google-translate2,2.0.0+20170525,2021-04-02 12:45:47.901472 UTC,1521,^5.0
RUSTSEC-2016-0001,CVE-2016-10931,openssl,2,yup-oauth2,1.0.2,2017-01-31 18:04:58.500726 UTC,google-drive3-cli,2.0.0+20210322,2021-04-03 01:29:59.067865 UTC,1522,^5.0
RUSTSEC-2016-0001,CVE-2016-10931,openssl,2,yup-oauth2,1.0.2,2017-01-31 18:04:58.500726 UTC,google-fusiontables2-cli,2.0.0+20171117,2021-04-02 13:21:10.149700 UTC,1521,^5.0
RUSTSEC-2016-0001,CVE-2016-10931,openssl,2,yup-oauth2,1.0.2,2017-01-31 18:04:58.500726 UTC,google-manager1_beta2-cli,2.0.0+20140915,2021-04-02 13:28:27.093647 UTC,1521,^5.0
RUSTSEC-2016-0001,CVE-2016-10931,openssl,2,yup-oauth2,1.0.2,2017-01-31 18:04:58.500726 UTC,google-cloudresourcemanager1_beta1,2.0.0+20210328,2021-04-01 15:58:49.356647 UTC,1520,^5.0
RUSTSEC-2016-0001,CVE-2016-10931,openssl,2,yup-oauth2,1.0.2,2017-01-31 18:04:58.500726 UTC,google-classroom1-cli,2.0.0+20210323,2021-04-02 12:57:53.758269 UTC,1521,^5.0
RUSTSEC-2016-0001,CVE-2016-10931,openssl,2,yup-oauth2,1.0.2,2017-01-31 18:04:58.500726 UTC,google-deploymentmanager2_beta2-cli,2.0.0+20160201,2021-04-02 13:09:55.293532 UTC,1521,^5.0
RUSTSEC-2016-0001,CVE-2016-10931,openssl,2,yup-oauth2,1.0.2,2017-01-31 18:04:58.500726 UTC,google-manufacturers1-cli,2.0.0+20210325,2021-04-02 13:28:38.671800 UTC,1521,^5.0
RUSTSEC-2016-0001,CVE-2016-10931,openssl,2,yup-oauth2,1.0.2,2017-01-31 18:04:58.500726 UTC,google-cloudmonitoring2_beta2-cli,2.0.0+20170501,2021-04-02 14:11:24.779459 UTC,1521,^5.0
RUSTSEC-2016-0001,CVE-2016-10931,openssl,2,yup-oauth2,1.0.2,2017-01-31 18:04:58.500726 UTC,google-coordinate1,2.0.0+20150811,2021-04-02 00:07:55.101191 UTC,1521,^5.0
RUSTSEC-2016-0001,CVE-2016-10931,openssl,2,yup-oauth2,1.0.2,2017-01-31 18:04:58.500726 UTC,google-cloudmonitoring2_beta2,2.0.0+20170501,2021-04-02 00:07:05.144645 UTC,1521,^5.0
RUSTSEC-2016-0001,CVE-2016-10931,openssl,2,yup-oauth2,1.0.2,2017-01-31 18:04:58.500726 UTC,google-gmail1-cli,2.0.0+20210322,2021-04-02 14:13:55.882999 UTC,1521,^5.0
RUSTSEC-2016-0001,CVE-2016-10931,openssl,2,yup-oauth2,1.0.2,2017-01-31 18:04:58.500726 UTC,google-coordinate1-cli,2.0.0+20150811,2021-04-02 13:07:24.643618 UTC,1521,^5.0
RUSTSEC-2016-0001,CVE-2016-10931,openssl,2,yup-oauth2,1.0.2,2017-01-31 18:04:58.500726 UTC,google-mirror1,2.0.0+20190424,2021-04-02 00:30:59.361482 UTC,1521,^5.0
RUSTSEC-2016-0001,CVE-2016-10931,openssl,2,yup-oauth2,1.0.2,2017-01-31 18:04:58.500726 UTC,google-cloudbilling1-cli,2.0.0+20210322,2021-04-02 12:58:42.477558 UTC,1521,^5.0
RUSTSEC-2016-0001,CVE-2016-10931,openssl,2,yup-oauth2,1.0.2,2017-01-31 18:04:58.500726 UTC,google-analytics3-cli,2.0.0+20190807,2021-04-02 14:10:05.433009 UTC,1521,^5.0
RUSTSEC-2016-0001,CVE-2016-10931,openssl,2,yup-oauth2,1.0.2,2017-01-31 18:04:58.500726 UTC,google-storage1-cli,2.0.0+20210330,2021-04-02 14:20:36.653257 UTC,1521,^5.0
RUSTSEC-2016-0001,CVE-2016-10931,openssl,2,yup-oauth2,1.0.2,2017-01-31 18:04:58.500726 UTC,google-appengine1_beta5-cli,2.0.0+20181005,2021-04-02 12:53:16.129871 UTC,1521,^5.0
RUSTSEC-2016-0001,CVE-2016-10931,openssl,2,yup-oauth2,1.0.2,2017-01-31 18:04:58.500726 UTC,google-androidenterprise1-cli,2.0.0+20210324,2021-04-02 14:10:26.405269 UTC,1521,^5.0
RUSTSEC-2016-0001,CVE-2016-10931,openssl,2,yup-oauth2,1.0.2,2017-01-31 18:04:58.500726 UTC,google-clouduseraccountsvm_beta-cli,2.0.0+20160316,2021-04-02 14:12:15.113449 UTC,1521,^5.0
RUSTSEC-2016-0001,CVE-2016-10931,openssl,2,yup-oauth2,1.0.2,2017-01-31 18:04:58.500726 UTC,google-autoscaler1_beta2-cli,2.0.0+20150629,2021-04-02 12:54:26.519174 UTC,1521,^5.0
RUSTSEC-2016-0001,CVE-2016-10931,openssl,2,yup-oauth2,1.0.2,2017-01-31 18:04:58.500726 UTC,google-gamesmanagement1_management-cli,2.0.0+20210325,2021-04-02 13:51:15.817822 UTC,1521,^5.0
RUSTSEC-2016-0001,CVE-2016-10931,openssl,2,yup-oauth2,1.0.2,2017-01-31 18:04:58.500726 UTC,google-cloudresourcemanager1-cli,2.0.0+20210328,2021-04-02 13:01:34.013587 UTC,1521,^5.0
RUSTSEC-2016-0001,CVE-2016-10931,openssl,2,yup-oauth2,1.0.2,2017-01-31 18:04:58.500726 UTC,google-adsense1d4,2.0.0+20201002,2021-04-01 15:53:39.343773 UTC,1520,^5.0
RUSTSEC-2016-0001,CVE-2016-10931,openssl,2,yup-oauth2,1.0.2,2017-01-31 18:04:58.500726 UTC,google-groupsmigration1,2.0.0+20210318,2021-04-02 00:11:44.474980 UTC,1521,^5.0
RUSTSEC-2016-0001,CVE-2016-10931,openssl,2,yup-oauth2,1.0.2,2017-01-31 18:04:58.500726 UTC,google-androidpublisher2,2.0.0+20200331,2021-04-01 15:54:37.071787 UTC,1520,^5.0
RUSTSEC-2016-0001,CVE-2016-10931,openssl,2,yup-oauth2,1.0.2,2017-01-31 18:04:58.500726 UTC,google-fusiontables2,2.0.0+20171117,2021-04-02 00:11:06.829452 UTC,1521,^5.0
RUSTSEC-2016-0001,CVE-2016-10931,openssl,2,yup-oauth2,1.0.2,2017-01-31 18:04:58.500726 UTC,google-books1,2.0.0+20210326,2021-04-01 15:56:48.008133 UTC,1520,^5.0
RUSTSEC-2016-0001,CVE-2016-10931,openssl,2,yup-oauth2,1.0.2,2017-01-31 18:04:58.500726 UTC,google-sqladmin1_beta4-cli,2.0.0+20210321,2021-04-03 01:34:44.162017 UTC,1522,^5.0
RUSTSEC-2016-0001,CVE-2016-10931,openssl,2,yup-oauth2,1.0.2,2017-01-31 18:04:58.500726 UTC,google-deploymentmanager2-cli,2.0.0+20210320,2021-04-02 13:09:43.885771 UTC,1521,^5.0
RUSTSEC-2016-0001,CVE-2016-10931,openssl,2,yup-oauth2,1.0.2,2017-01-31 18:04:58.500726 UTC,google-dns1-cli,2.0.0+20210319,2021-04-02 13:15:53.591802 UTC,1521,^5.0
RUSTSEC-2016-0001,CVE-2016-10931,openssl,2,yup-oauth2,1.0.2,2017-01-31 18:04:58.500726 UTC,google-genomics1,2.0.0+20210324,2021-04-02 00:11:31.263363 UTC,1521,^5.0
RUSTSEC-2016-0001,CVE-2016-10931,openssl,2,yup-oauth2,1.0.2,2017-01-31 18:04:58.500726 UTC,google-adexchangeseller2-cli,2.0.0+20171101,2021-04-02 13:47:11.662614 UTC,1521,^5.0
RUSTSEC-2016-0001,CVE-2016-10931,openssl,2,yup-oauth2,1.0.2,2017-01-31 18:04:58.500726 UTC,google-qpxexpress1-cli,2.0.0+20160708,2021-04-03 01:32:26.956853 UTC,1522,^5.0
RUSTSEC-2016-0001,CVE-2016-10931,openssl,2,yup-oauth2,1.0.2,2017-01-31 18:04:58.500726 UTC,google-replicapoolupdater1_beta1,2.0.0+20161003,2021-04-02 12:42:42.545629 UTC,1521,^5.0
RUSTSEC-2016-0001,CVE-2016-10931,openssl,2,yup-oauth2,1.0.2,2017-01-31 18:04:58.500726 UTC,google-iam1-cli,2.0.0+20210325,2021-04-02 14:14:14.683981 UTC,1521,^5.0
RUSTSEC-2016-0001,CVE-2016-10931,openssl,2,yup-oauth2,1.0.2,2017-01-31 18:04:58.500726 UTC,google-webmasters3,2.0.0+20190428,2021-04-02 13:46:16.297630 UTC,1521,^5.0
RUSTSEC-2016-0001,CVE-2016-10931,openssl,2,yup-oauth2,1.0.2,2017-01-31 18:04:58.500726 UTC,google-appstate1,2.0.0+20190627,2021-04-01 15:55:25.760743 UTC,1520,^5.0
RUSTSEC-2016-0001,CVE-2016-10931,openssl,2,yup-oauth2,1.0.2,2017-01-31 18:04:58.500726 UTC,google-games1-cli,2.0.0+20210325,2021-04-02 14:13:38.006314 UTC,1521,^5.0
RUSTSEC-2016-0001,CVE-2016-10931,openssl,2,yup-oauth2,1.0.2,2017-01-31 18:04:58.500726 UTC,google-partners2-cli,2.0.0+20180925,2021-04-03 01:31:38.481094 UTC,1522,^5.0
RUSTSEC-2016-0001,CVE-2016-10931,openssl,2,yup-oauth2,1.0.2,2017-01-31 18:04:58.500726 UTC,google-urlshortener1,2.0.0+20150519,2021-04-02 12:45:56.434316 UTC,1521,^5.0
RUSTSEC-2016-0001,CVE-2016-10931,openssl,2,yup-oauth2,1.0.2,2017-01-31 18:04:58.500726 UTC,google-dataproc1,2.0.0+20210322,2021-04-02 00:19:06.387756 UTC,1521,^5.0
RUSTSEC-2016-0001,CVE-2016-10931,openssl,2,yup-oauth2,1.0.2,2017-01-31 18:04:58.500726 UTC,google-gamesconfiguration1_configuration-cli,2.0.0+20210325,2021-04-02 14:13:45.284440 UTC,1521,^5.0
RUSTSEC-2016-0001,CVE-2016-10931,openssl,2,yup-oauth2,1.0.2,2017-01-31 18:04:58.500726 UTC,google-pagespeedonline2,2.0.0+20191206,2021-04-01 16:10:34.349668 UTC,1520,^5.0
RUSTSEC-2016-0001,CVE-2016-10931,openssl,2,yup-oauth2,1.0.2,2017-01-31 18:04:58.500726 UTC,google-resourceviews1_beta2-cli,2.0.0+20160512,2021-04-03 01:32:57.935062 UTC,1522,^5.0
RUSTSEC-2016-0001,CVE-2016-10931,openssl,2,yup-oauth2,1.0.2,2017-01-31 18:04:58.500726 UTC,google-analytics3,2.0.0+20190807,2021-04-01 15:53:56.351302 UTC,1520,^5.0
RUSTSEC-2016-0001,CVE-2016-10931,openssl,2,yup-oauth2,1.0.2,2017-01-31 18:04:58.500726 UTC,google-classroom1,2.0.0+20210323,2021-04-01 15:57:22.206749 UTC,1520,^5.0
RUSTSEC-2016-0001,CVE-2016-10931,openssl,2,yup-oauth2,1.0.2,2017-01-31 18:04:58.500726 UTC,google-clouddebugger2-cli,2.0.0+20210326,2021-04-02 12:59:20.195133 UTC,1521,^5.0
RUSTSEC-2016-0001,CVE-2016-10931,openssl,2,yup-oauth2,1.0.2,2017-01-31 18:04:58.500726 UTC,google-drive2-cli,2.0.0+20210322,2021-04-02 13:17:43.807567 UTC,1521,^5.0
RUSTSEC-2016-0001,CVE-2016-10931,openssl,2,yup-oauth2,1.0.2,2017-01-31 18:04:58.500726 UTC,google-blogger3,2.0.0+20210331,2021-04-01 15:56:39.652824 UTC,1520,^5.0
RUSTSEC-2016-0001,CVE-2016-10931,openssl,2,yup-oauth2,1.0.2,2017-01-31 18:04:58.500726 UTC,google-doubleclicksearch2-cli,2.0.0+20210323,2021-04-02 13:17:26.536163 UTC,1521,^5.0
RUSTSEC-2016-0001,CVE-2016-10931,openssl,2,yup-oauth2,1.0.2,2017-01-31 18:04:58.500726 UTC,google-surveys2,2.0.0+20180508,2021-04-02 12:45:02.752104 UTC,1521,^5.0
RUSTSEC-2016-0001,CVE-2016-10931,openssl,2,yup-oauth2,1.0.2,2017-01-31 18:04:58.500726 UTC,google-gamesmanagement1_management,2.0.0+20210325,2021-04-02 00:11:25.756788 UTC,1521,^5.0
RUSTSEC-2016-0001,CVE-2016-10931,openssl,2,yup-oauth2,1.0.2,2017-01-31 18:04:58.500726 UTC,google-siteverification1-cli,2.0.0+20191119,2021-04-03 01:34:06.423059 UTC,1522,^5.0
RUSTSEC-2016-0001,CVE-2016-10931,openssl,2,yup-oauth2,1.0.2,2017-01-31 18:04:58.500726 UTC,google-sqladmin1_beta4,2.0.0+20210321,2021-04-02 12:44:44.472499 UTC,1521,^5.0
RUSTSEC-2016-0001,CVE-2016-10931,openssl,2,yup-oauth2,1.0.2,2017-01-31 18:04:58.500726 UTC,google-gan1_beta1,2.0.0+20130205,2021-04-01 16:07:10.786118 UTC,1520,^5.0
RUSTSEC-2016-0001,CVE-2016-10931,openssl,2,yup-oauth2,1.0.2,2017-01-31 18:04:58.500726 UTC,google-mirror1-cli,2.0.0+20190424,2021-04-02 13:29:24.388252 UTC,1521,^5.0
RUSTSEC-2016-0001,CVE-2016-10931,openssl,2,yup-oauth2,1.0.2,2017-01-31 18:04:58.500726 UTC,google-taskqueue1_beta2,2.0.0+20160428,2021-04-02 12:45:17.997470 UTC,1521,^5.0
RUSTSEC-2016-0001,CVE-2016-10931,openssl,2,yup-oauth2,1.0.2,2017-01-31 18:04:58.500726 UTC,google-plus1-cli,2.0.0+20190616,2021-04-02 13:33:48.468126 UTC,1521,^5.0
RUSTSEC-2016-0001,CVE-2016-10931,openssl,2,yup-oauth2,1.0.2,2017-01-31 18:04:58.500726 UTC,google-content2_sandbox,2.0.0+20181009,2021-04-01 16:01:06.056930 UTC,1520,^5.0
RUSTSEC-2016-0001,CVE-2016-10931,openssl,2,yup-oauth2,1.0.2,2017-01-31 18:04:58.500726 UTC,google-clouduseraccountsvm_beta,2.0.0+20160316,2021-04-02 00:07:33.052144 UTC,1521,^5.0
RUSTSEC-2016-0001,CVE-2016-10931,openssl,2,yup-oauth2,1.0.2,2017-01-31 18:04:58.500726 UTC,google-groupsmigration1-cli,2.0.0+20210318,2021-04-02 13:23:30.127955 UTC,1521,^5.0
RUSTSEC-2016-0001,CVE-2016-10931,openssl,2,yup-oauth2,1.0.2,2017-01-31 18:04:58.500726 UTC,google-translate2-cli,2.0.0+20170525,2021-04-03 01:35:28.250828 UTC,1522,^5.0
RUSTSEC-2016-0001,CVE-2016-10931,openssl,2,yup-oauth2,1.0.2,2017-01-31 18:04:58.500726 UTC,google-doubleclicksearch2,2.0.0+20210323,2021-04-02 00:10:10.495150 UTC,1521,^5.0
RUSTSEC-2016-0001,CVE-2016-10931,openssl,2,yup-oauth2,1.0.2,2017-01-31 18:04:58.500726 UTC,google-siteverification1,2.0.0+20191119,2021-04-02 12:44:14.209374 UTC,1521,^5.0
RUSTSEC-2016-0001,CVE-2016-10931,openssl,2,yup-oauth2,1.0.2,2017-01-31 18:04:58.500726 UTC,google-cloudbilling1,2.0.0+20210322,2021-04-01 15:57:36.638115 UTC,1520,^5.0
RUSTSEC-2016-0001,CVE-2016-10931,openssl,2,yup-oauth2,1.0.2,2017-01-31 18:04:58.500726 UTC,google-cloudtrace1,2.0.0+20210319,2021-04-01 15:59:29.167131 UTC,1520,^5.0
RUSTSEC-2016-0001,CVE-2016-10931,openssl,2,yup-oauth2,1.0.2,2017-01-31 18:04:58.500726 UTC,google-content2_sandbox-cli,2.0.0+20181009,2021-04-02 13:07:13.767678 UTC,1521,^5.0
RUSTSEC-2016-0001,CVE-2016-10931,openssl,2,yup-oauth2,1.0.2,2017-01-31 18:04:58.500726 UTC,google-adsense1d4-cli,2.0.0+20201002,2021-04-02 12:49:31.087844 UTC,1521,^5.0
RUSTSEC-2016-0001,CVE-2016-10931,openssl,2,yup-oauth2,1.0.2,2017-01-31 18:04:58.500726 UTC,google-adsensehost4d1-cli,2.0.0+20200930,2021-04-02 12:49:43.121834 UTC,1521,^5.0
RUSTSEC-2016-0001,CVE-2016-10931,openssl,3,webdriver,0.21.0,2017-02-24 16:38:15.466460 UTC,geckodriver,0.31.0,2022-04-11 09:47:02.946193 UTC,1871,^0.45.0
RUSTSEC-2016-0001,CVE-2016-10931,openssl,3,r2d2_postgres,0.12.0,2017-02-22 03:44:32.371788 UTC,rustorm,0.10.0,2018-03-06 17:35:25.304724 UTC,377,^0.14.0
RUSTSEC-2016-0001,CVE-2016-10931,openssl,3,rouille,2.2.0,2018-09-01 12:27:09.003094 UTC,wasm-bindgen-cli,0.2.30,2019-01-07 15:48:13.515233 UTC,128,^3.0.0
RUSTSEC-2016-0001,CVE-2016-10931,openssl,3,rouille,2.2.0,2018-09-01 12:27:09.003094 UTC,oxide-auth,0.4.0,2019-01-20 02:28:28.456053 UTC,140,^3.0
RUSTSEC-2016-0001,CVE-2016-10931,openssl,3,rouille,2.2.0,2018-09-01 12:27:09.003094 UTC,urdf-viz,0.23.0,2021-02-01 06:35:27.175848 UTC,883,^3.0
RUSTSEC-2016-0001,CVE-2016-10931,openssl,3,yubihsm,0.26.0,2019-06-22 05:53:10.492486 UTC,tmkms,0.6.0-alpha3,2019-06-25 00:22:49.976737 UTC,2,^0.26
RUSTSEC-2016-0001,CVE-2016-10931,openssl,3,multipart,0.15.0,2018-07-08 20:21:25.774400 UTC,anterofit,0.2.0,2018-07-09 00:25:29.206096 UTC,0,^0.15
RUSTSEC-2016-0001,CVE-2016-10931,openssl,3,multipart,0.15.0,2018-07-08 20:21:25.774400 UTC,simple-http-server,0.4.7,2019-07-15 08:02:47.173807 UTC,371,^0.16.1
RUSTSEC-2016-0001,CVE-2016-10931,openssl,3,multipart,0.15.0,2018-07-08 20:21:25.774400 UTC,rouille,3.0.0,2018-12-07 18:35:05.912674 UTC,151,^0.15
RUSTSEC-2016-0001,CVE-2016-10931,openssl,3,multipart,0.15.0,2018-07-08 20:21:25.774400 UTC,telegram-bot,0.7.0,2020-03-21 17:56:41.957963 UTC,621,^0.16
RUSTSEC-2016-0001,CVE-2016-10931,openssl,3,mould,0.0.20,2017-04-13 06:51:30.228405 UTC,mould-auth,0.0.11,2017-04-13 06:54:17.623636 UTC,0,^0.0.20
RUSTSEC-2016-0001,CVE-2016-10931,openssl,3,maidsafe_utilities,0.11.2,2017-04-06 10:35:21.613881 UTC,safe_core,0.23.0,2017-04-06 16:02:29.229010 UTC,0,~0.11.2
RUSTSEC-2016-0001,CVE-2016-10931,openssl,3,maidsafe_utilities,0.11.2,2017-04-06 10:35:21.613881 UTC,crust,0.25.0,2017-05-18 16:27:03.036603 UTC,42,~0.12.0
RUSTSEC-2016-0001,CVE-2016-10931,openssl,3,maidsafe_utilities,0.11.2,2017-04-06 10:35:21.613881 UTC,routing,0.28.5,2017-04-06 12:43:27.360978 UTC,0,~0.11.2
RUSTSEC-2016-0001,CVE-2016-10931,openssl,3,maidsafe_utilities,0.11.2,2017-04-06 10:35:21.613881 UTC,safe_vault,0.14.0,2017-04-06 13:47:34.328622 UTC,0,~0.11.2
RUSTSEC-2016-0001,CVE-2016-10931,openssl,3,maidsafe_utilities,0.11.2,2017-04-06 10:35:21.613881 UTC,secure_serialisation,0.4.0,2017-07-31 14:18:24.430080 UTC,116,~0.14.0
RUSTSEC-2016-0001,CVE-2016-10931,openssl,3,google-deploymentmanager2_beta2,2.0.0+20160201,2021-04-02 00:08:42.757415 UTC,google-deploymentmanager2_beta2-cli,2.0.3+20160201,2021-04-14 04:18:03.920382 UTC,12,^2.0.3
RUSTSEC-2016-0001,CVE-2016-10931,openssl,3,google-appsactivity1,2.0.0+20200628,2021-04-01 15:55:23.627330 UTC,google-appsactivity1-cli,2.0.4+20200628,2021-04-14 09:34:44.550084 UTC,12,^2.0.4
RUSTSEC-2016-0001,CVE-2016-10931,openssl,3,google-games1,2.0.0+20210325,2021-04-02 00:11:13.667344 UTC,google-games1-cli,2.0.3+20210325,2021-04-14 04:47:10.106989 UTC,12,^2.0.3
RUSTSEC-2016-0001,CVE-2016-10931,openssl,3,google-customsearch1,2.0.0+20210330,2021-04-02 00:08:04.475926 UTC,google-customsearch1-cli,2.0.3+20210330,2021-04-14 04:09:45.485073 UTC,12,^2.0.3
RUSTSEC-2016-0001,CVE-2016-10931,openssl,3,google-gamesconfiguration1_configuration,2.0.0+20210325,2021-04-02 00:11:16.696487 UTC,google-gamesconfiguration1_configuration-cli,2.0.3+20210325,2021-04-14 04:47:25.255674 UTC,12,^2.0.3
RUSTSEC-2016-0001,CVE-2016-10931,openssl,3,google-appengine1_beta5,2.0.0+20181005,2021-04-01 15:55:20.878676 UTC,google-appengine1_beta5-cli,2.0.4+20181005,2021-04-14 09:34:34.379872 UTC,12,^2.0.4
RUSTSEC-2016-0001,CVE-2016-10931,openssl,3,google-prediction1d6,2.0.0+20160511,2021-04-01 16:11:30.947838 UTC,google-prediction1d6-cli,2.0.3+20160511,2021-04-14 05:32:43.910146 UTC,12,^2.0.3
RUSTSEC-2016-0001,CVE-2016-10931,openssl,3,google-resourceviews1_beta2,2.0.0+20160512,2021-04-02 12:42:50.495162 UTC,google-resourceviews1_beta2-cli,2.0.3+20160512,2021-04-14 05:44:01.257518 UTC,11,^2.0.3
RUSTSEC-2016-0001,CVE-2016-10931,openssl,3,google-tasks1,2.0.0+20210329,2021-04-02 12:45:22.984419 UTC,google-tasks1-cli,2.0.4+20210329,2021-04-15 03:02:26.473923 UTC,12,^2.0.4
RUSTSEC-2016-0001,CVE-2016-10931,openssl,3,google-adexchangeseller2,2.0.0+20171101,2021-04-01 15:53:17.864544 UTC,google-adexchangeseller2-cli,2.0.3+20171101,2021-04-14 03:55:33.921319 UTC,12,^2.0.3
RUSTSEC-2016-0001,CVE-2016-10931,openssl,3,google-consumersurveys2,2.0.0+20170407,2021-04-02 00:07:41.611814 UTC,google-consumersurveys2-cli,2.0.3+20170407,2021-04-14 04:04:54.827143 UTC,12,^2.0.3
RUSTSEC-2016-0001,CVE-2016-10931,openssl,3,google-adexchangebuyer1d3,2.0.0+20210330,2021-04-01 15:52:59.565185 UTC,google-adexchangebuyer1d3-cli,2.0.3+20210330,2021-04-14 03:54:44.729560 UTC,12,^2.0.3
RUSTSEC-2016-0001,CVE-2016-10931,openssl,3,google-iam1,2.0.0+20210325,2021-04-02 00:19:14.147762 UTC,google-iam1-cli,2.0.3+20210325,2021-04-14 04:56:21.148376 UTC,12,^2.0.3
RUSTSEC-2016-0001,CVE-2016-10931,openssl,3,google-cloudlatencytest2,2.0.0+20160309,2021-04-02 00:07:02.162052 UTC,google-cloudlatencytest2-cli,2.0.4+20160309,2021-04-14 09:42:07.098778 UTC,12,^2.0.4
RUSTSEC-2016-0001,CVE-2016-10931,openssl,3,google-fitness1,2.0.0+20210323,2021-04-02 00:11:04.297892 UTC,google-fitness1-cli,2.0.3+20210323,2021-04-14 04:46:36.971967 UTC,12,^2.0.3
RUSTSEC-2016-0001,CVE-2016-10931,openssl,3,google-licensing1,2.0.0+20210329,2021-04-02 00:19:35.882358 UTC,google-licensing1-cli,2.0.3+20210329,2021-04-14 05:03:21.141189 UTC,12,^2.0.3
RUSTSEC-2016-0001,CVE-2016-10931,openssl,3,google-adexchangebuyer1d4,2.0.0+20210330,2021-04-01 15:53:07.182588 UTC,google-adexchangebuyer1d4-cli,2.0.4+20210330,2021-04-15 01:44:33.316453 UTC,13,^2.0.4
RUSTSEC-2016-0001,CVE-2016-10931,openssl,3,google-content2,2.0.0+20210325,2021-04-01 16:00:58.850138 UTC,google-content2-cli,2.0.3+20210325,2021-04-14 04:08:30.404090 UTC,12,^2.0.3
RUSTSEC-2016-0001,CVE-2016-10931,openssl,3,google-webfonts1,2.0.0+20210326,2021-04-02 12:46:23.087590 UTC,google-webfonts1-cli,2.0.4+20210326,2021-04-15 03:03:39.527702 UTC,12,^2.0.4
RUSTSEC-2016-0001,CVE-2016-10931,openssl,3,google-discovery1,2.0.0+20200806,2021-04-01 16:04:12.213920 UTC,google-discovery1-cli,2.0.3+20200806,2021-04-14 04:33:26.333232 UTC,12,^2.0.3
RUSTSEC-2016-0001,CVE-2016-10931,openssl,3,google-safebrowsing4,2.0.0+20210330,2021-04-02 12:43:12.476726 UTC,google-safebrowsing4-cli,2.0.3+20210330,2021-04-14 05:44:44.860229 UTC,11,^2.0.3
RUSTSEC-2016-0001,CVE-2016-10931,openssl,3,google-storage1,2.0.0+20210330,2021-04-02 12:44:50.998141 UTC,google-storage1-cli,2.0.4+20210330,2021-04-14 09:59:46.952170 UTC,11,^2.0.4
RUSTSEC-2016-0001,CVE-2016-10931,openssl,3,google-storagetransfer1,2.0.0+20210316,2021-04-02 12:44:54.921518 UTC,google-storagetransfer1-cli,2.0.4+20210316,2021-04-15 02:39:15.640242 UTC,12,^2.0.4
RUSTSEC-2016-0001,CVE-2016-10931,openssl,3,google-calendar3,2.0.0+20210327,2021-04-01 15:56:53.005744 UTC,google-calendar3-cli,2.0.4+20210327,2021-04-14 09:38:30.489407 UTC,12,^2.0.4
RUSTSEC-2016-0001,CVE-2016-10931,openssl,3,google-manufacturers1,2.0.0+20210325,2021-04-02 00:30:48.086573 UTC,google-manufacturers1-cli,2.0.3+20210325,2021-04-14 05:09:33.932942 UTC,12,^2.0.3
RUSTSEC-2016-0001,CVE-2016-10931,openssl,3,google-drive3,2.0.0+20210322,2021-04-02 00:10:16.918676 UTC,google-drive3-cli,2.0.3+20210322,2021-04-14 04:38:43.133885 UTC,12,^2.0.3
RUSTSEC-2016-0001,CVE-2016-10931,openssl,3,google-appengine1,2.0.0+20210324,2021-04-01 15:55:09.494816 UTC,google-appengine1-cli,2.0.3+20210324,2021-04-14 03:59:54.779946 UTC,12,^2.0.3
RUSTSEC-2016-0001,CVE-2016-10931,openssl,3,google-partners2,2.0.0+20180925,2021-04-02 00:31:40.523335 UTC,google-partners2-cli,2.0.3+20180925,2021-04-14 05:25:35.756196 UTC,12,^2.0.3
RUSTSEC-2016-0001,CVE-2016-10931,openssl,3,google-qpxexpress1,2.0.0+20160708,2021-04-02 12:42:13.530723 UTC,google-qpxexpress1-cli,2.0.3+20160708,2021-04-14 05:40:43.721017 UTC,11,^2.0.3
RUSTSEC-2016-0001,CVE-2016-10931,openssl,3,google-playmoviespartner1,2.0.0+20170919,2021-04-02 12:41:23.178512 UTC,google-playmoviespartner1-cli,2.0.3+20170919,2021-04-14 05:28:50.462738 UTC,11,^2.0.3
RUSTSEC-2016-0001,CVE-2016-10931,openssl,3,google-deploymentmanager2,2.0.0+20210320,2021-04-01 16:02:06.461541 UTC,google-deploymentmanager2-cli,2.0.3+20210320,2021-04-14 04:17:52.454563 UTC,12,^2.0.3
RUSTSEC-2016-0001,CVE-2016-10931,openssl,3,google-firebasedynamiclinks1,2.0.0+20210329,2021-04-02 00:10:45.296415 UTC,google-firebasedynamiclinks1-cli,2.0.3+20210329,2021-04-14 04:42:53.329683 UTC,12,^2.0.3
RUSTSEC-2016-0001,CVE-2016-10931,openssl,3,google-reseller1_sandbox,2.0.0+20160329,2021-04-02 12:42:47.055490 UTC,google-reseller1_sandbox-cli,2.0.3+20160329,2021-04-14 05:43:48.335722 UTC,11,^2.0.3
RUSTSEC-2016-0001,CVE-2016-10931,openssl,3,google-clouddebugger2,2.0.0+20210326,2021-04-01 15:57:53.664092 UTC,google-clouddebugger2-cli,2.0.4+20210326,2021-04-15 01:14:47.920700 UTC,13,^2.0.4
RUSTSEC-2016-0001,CVE-2016-10931,openssl,3,google-pubsub1_beta2,2.0.0+20210322,2021-04-02 12:42:04.432376 UTC,google-pubsub1_beta2-cli,2.0.4+20210322,2021-04-15 02:31:45.316661 UTC,12,^2.0.4
RUSTSEC-2016-0001,CVE-2016-10931,openssl,3,google-tagmanager1,2.0.0+20210330,2021-04-02 12:45:08.375645 UTC,google-tagmanager1-cli,2.0.4+20210330,2021-04-15 02:39:55.846083 UTC,12,^2.0.4
RUSTSEC-2016-0001,CVE-2016-10931,openssl,3,google-proximitybeacon1_beta1,2.0.0+20200127,2021-04-02 12:41:52.010183 UTC,google-proximitybeacon1_beta1-cli,2.0.3+20200127,2021-04-14 05:35:35.859417 UTC,11,^2.0.3
RUSTSEC-2016-0001,CVE-2016-10931,openssl,3,google-logging2,2.0.0+20210325,2021-04-02 00:19:46.244116 UTC,google-logging2-cli,2.0.3+20210325,2021-04-14 05:04:10.640389 UTC,12,^2.0.3
RUSTSEC-2016-0001,CVE-2016-10931,openssl,3,google-adsensehost4d1,2.0.0+20200930,2021-04-01 15:53:43.340016 UTC,google-adsensehost4d1-cli,2.0.3+20200930,2021-04-14 03:56:17.671861 UTC,12,^2.0.3
RUSTSEC-2016-0001,CVE-2016-10931,openssl,3,google-youtube3,2.0.0+20210330,2021-04-02 13:46:27.038493 UTC,google-youtube3-cli,2.0.4+20210330,2021-04-15 03:04:38.670068 UTC,12,^2.0.4
RUSTSEC-2016-0001,CVE-2016-10931,openssl,3,google-replicapool1_beta2,2.0.0+20160512,2021-04-02 12:42:37.324801 UTC,google-replicapool1_beta2-cli,2.0.4+20160512,2021-04-14 09:57:49.878959 UTC,11,^2.0.4
RUSTSEC-2016-0001,CVE-2016-10931,openssl,3,google-pubsub1,2.0.0+20210322,2021-04-02 12:41:55.815928 UTC,google-pubsub1-cli,2.0.3+20210322,2021-04-14 05:35:51.273566 UTC,11,^2.0.3
RUSTSEC-2016-0001,CVE-2016-10931,openssl,3,google-plusdomains1,2.0.0+20190616,2021-04-02 12:41:33.533045 UTC,google-plusdomains1-cli,2.0.3+20190616,2021-04-14 05:30:06.450579 UTC,11,^2.0.3
RUSTSEC-2016-0001,CVE-2016-10931,openssl,3,google-appengine1_beta4,2.0.0+20181005,2021-04-01 15:55:15.460697 UTC,google-appengine1_beta4-cli,2.0.3+20181005,2021-04-14 04:00:10.404460 UTC,12,^2.0.3
RUSTSEC-2016-0001,CVE-2016-10931,openssl,3,google-androidenterprise1,2.0.0+20210324,2021-04-01 15:54:25.439952 UTC,google-androidenterprise1-cli,2.0.4+20210324,2021-04-14 09:32:20.258970 UTC,12,^2.0.4
RUSTSEC-2016-0001,CVE-2016-10931,openssl,3,google-manager1_beta2,2.0.0+20140915,2021-04-02 00:30:39.344386 UTC,google-manager1_beta2-cli,2.0.3+20140915,2021-04-14 05:09:22.503268 UTC,12,^2.0.3
RUSTSEC-2016-0001,CVE-2016-10931,openssl,3,google-plus1,2.0.0+20190616,2021-04-02 12:41:29.006703 UTC,google-plus1-cli,2.0.3+20190616,2021-04-14 05:29:02.877751 UTC,11,^2.0.3
RUSTSEC-2016-0001,CVE-2016-10931,openssl,3,google-youtubereporting1,2.0.0+20210329,2021-04-02 12:46:52.223957 UTC,google-youtubereporting1-cli,2.0.4+20210329,2021-04-15 03:04:51.187041 UTC,12,^2.0.4
RUSTSEC-2016-0001,CVE-2016-10931,openssl,3,google-bigquery2,2.0.0+20210327,2021-04-01 15:55:56.942331 UTC,google-bigquery2-cli,2.0.4+20210327,2021-04-15 01:12:59.706693 UTC,13,^2.0.4
RUSTSEC-2016-0001,CVE-2016-10931,openssl,3,google-drive2,2.0.0+20210322,2021-04-02 00:10:13.525904 UTC,google-drive2-cli,2.0.3+20210322,2021-04-14 04:38:23.027782 UTC,12,^2.0.3
RUSTSEC-2016-0001,CVE-2016-10931,openssl,3,google-serviceregistryalpha,2.0.0+20160401,2021-04-02 12:44:00.454546 UTC,google-serviceregistryalpha-cli,2.0.3+20160401,2021-04-14 05:46:48.406493 UTC,11,^2.0.3
RUSTSEC-2016-0001,CVE-2016-10931,openssl,3,google-monitoring3,2.0.0+20210322,2021-04-02 00:31:09.719152 UTC,google-monitoring3-cli,2.0.3+20210322,2021-04-14 05:19:24.128344 UTC,12,^2.0.3
RUSTSEC-2016-0001,CVE-2016-10931,openssl,3,google-compute1,2.0.0+20210316,2021-04-01 16:00:25.040310 UTC,google-compute1-cli,2.0.4+20210316,2021-04-14 09:46:19.398823 UTC,12,^2.0.4
RUSTSEC-2016-0001,CVE-2016-10931,openssl,3,google-cloudresourcemanager1,2.0.0+20210328,2021-04-02 00:07:10.341038 UTC,google-cloudresourcemanager1-cli,2.0.4+20210328,2021-04-15 01:16:10.780551 UTC,13,^2.0.4
RUSTSEC-2016-0001,CVE-2016-10931,openssl,3,google-logging2_beta1,2.0.0+20190325,2021-04-02 00:19:49.689758 UTC,google-logging2_beta1-cli,2.0.3+20190325,2021-04-14 05:04:26.262897 UTC,12,^2.0.3
RUSTSEC-2016-0001,CVE-2016-10931,openssl,3,google-dns1,2.0.0+20210319,2021-04-02 00:09:44.199103 UTC,google-dns1-cli,2.0.3+20210319,2021-04-14 04:35:55.520743 UTC,12,^2.0.3
RUSTSEC-2016-0001,CVE-2016-10931,openssl,3,google-autoscaler1_beta2,2.0.0+20150629,2021-04-01 15:55:47.989574 UTC,google-autoscaler1_beta2-cli,2.0.3+20150629,2021-04-14 04:02:41.157076 UTC,12,^2.0.3
RUSTSEC-2016-0001,CVE-2016-10931,openssl,3,google-gmail1,2.0.0+20210322,2021-04-02 00:11:36.628206 UTC,google-gmail1-cli,2.0.3+20210322,2021-04-14 04:48:57.370376 UTC,12,^2.0.3
RUSTSEC-2016-0001,CVE-2016-10931,openssl,3,google-identitytoolkit3,2.0.0+20180723,2021-04-01 16:08:17.784635 UTC,google-identitytoolkit3-cli,2.0.3+20180723,2021-04-14 05:01:11.931375 UTC,12,^2.0.3
RUSTSEC-2016-0001,CVE-2016-10931,openssl,3,google-people1,2.0.0+20210330,2021-04-02 12:41:07.836073 UTC,google-people1-cli,2.0.3+20210330,2021-04-14 05:25:54.580858 UTC,11,^2.0.3
RUSTSEC-2016-0001,CVE-2016-10931,openssl,3,google-container1,2.0.0+20210314,2021-04-01 16:00:39.567326 UTC,google-container1-cli,2.0.3+20210314,2021-04-14 04:06:14.670311 UTC,12,^2.0.3
RUSTSEC-2016-0001,CVE-2016-10931,openssl,3,google-groupssettings1,2.0.0+20210325,2021-04-02 00:11:47.366428 UTC,google-groupssettings1-cli,2.0.3+20210325,2021-04-14 04:52:10.443549 UTC,12,^2.0.3
RUSTSEC-2016-0001,CVE-2016-10931,openssl,3,google-doubleclickbidmanager1,2.0.0+20210323,2021-04-01 16:05:12.098695 UTC,google-doubleclickbidmanager1-cli,2.0.3+20210323,2021-04-14 04:37:30.753943 UTC,12,^2.0.3
RUSTSEC-2016-0001,CVE-2016-10931,openssl,3,google-spectrum1_explorer,2.0.0+20170306,2021-04-02 12:44:26.100003 UTC,google-spectrum1_explorer-cli,2.0.4+20170306,2021-04-15 03:02:09.551187 UTC,12,^2.0.4
RUSTSEC-2016-0001,CVE-2016-10931,openssl,3,google-translate2,2.0.0+20170525,2021-04-02 12:45:47.901472 UTC,google-translate2-cli,2.0.4+20170525,2021-04-15 02:41:59.977923 UTC,12,^2.0.4
RUSTSEC-2016-0001,CVE-2016-10931,openssl,3,google-cloudresourcemanager1_beta1,2.0.0+20210328,2021-04-01 15:58:49.356647 UTC,google-cloudresourcemanager1_beta1-cli,2.0.4+20210328,2021-04-15 01:16:22.539459 UTC,13,^2.0.4
RUSTSEC-2016-0001,CVE-2016-10931,openssl,3,google-coordinate1,2.0.0+20150811,2021-04-02 00:07:55.101191 UTC,google-coordinate1-cli,2.0.3+20150811,2021-04-14 04:09:34.858369 UTC,12,^2.0.3
RUSTSEC-2016-0001,CVE-2016-10931,openssl,3,google-cloudmonitoring2_beta2,2.0.0+20170501,2021-04-02 00:07:05.144645 UTC,google-cloudmonitoring2_beta2-cli,2.0.4+20170501,2021-04-14 09:42:18.449069 UTC,12,^2.0.4
RUSTSEC-2016-0001,CVE-2016-10931,openssl,3,google-mirror1,2.0.0+20190424,2021-04-02 00:30:59.361482 UTC,google-mirror1-cli,2.0.3+20190424,2021-04-14 05:15:34.749660 UTC,12,^2.0.3
RUSTSEC-2016-0001,CVE-2016-10931,openssl,3,google-adsense1d4,2.0.0+20201002,2021-04-01 15:53:39.343773 UTC,google-adsense1d4-cli,2.0.4+20201002,2021-04-15 01:44:45.405115 UTC,13,^2.0.4
RUSTSEC-2016-0001,CVE-2016-10931,openssl,3,google-groupsmigration1,2.0.0+20210318,2021-04-02 00:11:44.474980 UTC,google-groupsmigration1-cli,2.0.3+20210318,2021-04-14 04:51:59.174040 UTC,12,^2.0.3
RUSTSEC-2016-0001,CVE-2016-10931,openssl,3,google-androidpublisher2,2.0.0+20200331,2021-04-01 15:54:37.071787 UTC,google-androidpublisher2-cli,2.0.4+20200331,2021-04-14 09:32:51.474820 UTC,12,^2.0.4
RUSTSEC-2016-0001,CVE-2016-10931,openssl,3,google-fusiontables2,2.0.0+20171117,2021-04-02 00:11:06.829452 UTC,google-fusiontables2-cli,2.0.3+20171117,2021-04-14 04:46:53.335469 UTC,12,^2.0.3
RUSTSEC-2016-0001,CVE-2016-10931,openssl,3,google-books1,2.0.0+20210326,2021-04-01 15:56:48.008133 UTC,google-books1-cli,2.0.4+20210326,2021-04-15 01:13:53.463056 UTC,13,^2.0.4
RUSTSEC-2016-0001,CVE-2016-10931,openssl,3,google-genomics1,2.0.0+20210324,2021-04-02 00:11:31.263363 UTC,google-genomics1-cli,2.0.3+20210324,2021-04-14 04:48:24.077712 UTC,12,^2.0.3
RUSTSEC-2016-0001,CVE-2016-10931,openssl,3,google-replicapoolupdater1_beta1,2.0.0+20161003,2021-04-02 12:42:42.545629 UTC,google-replicapoolupdater1_beta1-cli,2.0.4+20161003,2021-04-15 02:33:31.557335 UTC,12,^2.0.4
RUSTSEC-2016-0001,CVE-2016-10931,openssl,3,google-webmasters3,2.0.0+20190428,2021-04-02 13:46:16.297630 UTC,google-webmasters3-cli,2.0.3+20190428,2021-04-14 05:49:40.386738 UTC,11,^2.0.3
RUSTSEC-2016-0001,CVE-2016-10931,openssl,3,google-appstate1,2.0.0+20190627,2021-04-01 15:55:25.760743 UTC,google-appstate1-cli,2.0.3+20190627,2021-04-14 04:01:27.845785 UTC,12,^2.0.3
RUSTSEC-2016-0001,CVE-2016-10931,openssl,3,google-urlshortener1,2.0.0+20150519,2021-04-02 12:45:56.434316 UTC,google-urlshortener1-cli,2.0.4+20150519,2021-04-15 02:42:11.682997 UTC,12,^2.0.4
RUSTSEC-2016-0001,CVE-2016-10931,openssl,3,google-dataproc1,2.0.0+20210322,2021-04-02 00:19:06.387756 UTC,google-dataproc1-cli,2.0.3+20210322,2021-04-14 04:14:35.674155 UTC,12,^2.0.3
RUSTSEC-2016-0001,CVE-2016-10931,openssl,3,google-pagespeedonline2,2.0.0+20191206,2021-04-01 16:10:34.349668 UTC,google-pagespeedonline2-cli,2.0.3+20191206,2021-04-14 05:24:57.499901 UTC,12,^2.0.3
RUSTSEC-2016-0001,CVE-2016-10931,openssl,3,google-analytics3,2.0.0+20190807,2021-04-01 15:53:56.351302 UTC,google-analytics3-cli,2.0.3+20190807,2021-04-14 03:56:49.774773 UTC,12,^2.0.3
RUSTSEC-2016-0001,CVE-2016-10931,openssl,3,google-classroom1,2.0.0+20210323,2021-04-01 15:57:22.206749 UTC,google-classroom1-cli,2.0.4+20210323,2021-04-15 01:14:15.736114 UTC,13,^2.0.4
RUSTSEC-2016-0001,CVE-2016-10931,openssl,3,google-blogger3,2.0.0+20210331,2021-04-01 15:56:39.652824 UTC,google-blogger3-cli,2.0.4+20210331,2021-04-14 09:37:59.140566 UTC,12,^2.0.4
RUSTSEC-2016-0001,CVE-2016-10931,openssl,3,google-surveys2,2.0.0+20180508,2021-04-02 12:45:02.752104 UTC,google-surveys2-cli,2.0.4+20180508,2021-04-15 02:39:40.485016 UTC,12,^2.0.4
RUSTSEC-2016-0001,CVE-2016-10931,openssl,3,google-gamesmanagement1_management,2.0.0+20210325,2021-04-02 00:11:25.756788 UTC,google-gamesmanagement1_management-cli,2.0.3+20210325,2021-04-14 04:47:58.117565 UTC,12,^2.0.3
RUSTSEC-2016-0001,CVE-2016-10931,openssl,3,google-sqladmin1_beta4,2.0.0+20210321,2021-04-02 12:44:44.472499 UTC,google-sqladmin1_beta4-cli,2.0.4+20210321,2021-04-14 09:59:31.960982 UTC,11,^2.0.4
RUSTSEC-2016-0001,CVE-2016-10931,openssl,3,google-gan1_beta1,2.0.0+20130205,2021-04-01 16:07:10.786118 UTC,google-gan1_beta1-cli,2.0.3+20130205,2021-04-14 04:48:13.418761 UTC,12,^2.0.3
RUSTSEC-2016-0001,CVE-2016-10931,openssl,3,google-taskqueue1_beta2,2.0.0+20160428,2021-04-02 12:45:17.997470 UTC,google-taskqueue1_beta2-cli,2.0.3+20160428,2021-04-14 05:48:23.492862 UTC,11,^2.0.3
RUSTSEC-2016-0001,CVE-2016-10931,openssl,3,google-content2_sandbox,2.0.0+20181009,2021-04-01 16:01:06.056930 UTC,google-content2_sandbox-cli,2.0.4+20181009,2021-04-14 09:47:28.281017 UTC,12,^2.0.4
RUSTSEC-2016-0001,CVE-2016-10931,openssl,3,google-clouduseraccountsvm_beta,2.0.0+20160316,2021-04-02 00:07:33.052144 UTC,google-clouduseraccountsvm_beta-cli,2.0.4+20160316,2021-04-15 02:19:36.798020 UTC,13,^2.0.4
RUSTSEC-2016-0001,CVE-2016-10931,openssl,3,google-doubleclicksearch2,2.0.0+20210323,2021-04-02 00:10:10.495150 UTC,google-doubleclicksearch2-cli,2.0.3+20210323,2021-04-14 04:38:02.071368 UTC,12,^2.0.3
RUSTSEC-2016-0001,CVE-2016-10931,openssl,3,google-siteverification1,2.0.0+20191119,2021-04-02 12:44:14.209374 UTC,google-siteverification1-cli,2.0.4+20191119,2021-04-15 02:37:40.702432 UTC,12,^2.0.4
RUSTSEC-2016-0001,CVE-2016-10931,openssl,3,google-cloudbilling1,2.0.0+20210322,2021-04-01 15:57:36.638115 UTC,google-cloudbilling1-cli,2.0.4+20210322,2021-04-15 01:14:23.607696 UTC,13,^2.0.4
RUSTSEC-2016-0001,CVE-2016-10931,openssl,3,google-cloudtrace1,2.0.0+2021